smiles,obj_props,is_valid,log_rewards
COC1(OO)C=C=C2C=C(OC3OC(C)C=C=C31)C2=O,2.6786369618080778e-33,False,-75.0
C=C1CC1C(Br)CCCC,2.6786369618080778e-33,False,-75.0
CCC(C)=C=C(C=O)CBr,0.7532007098197937,True,-0.2834235429763794
CCCC1CC=C2C=C(C2)C1=O,2.6786369618080778e-33,False,-75.0
CC=CCC(=C=C1OC(C)(O)OC1=C=C=CCC)CBr,2.6786369618080778e-33,False,-75.0
CCC1=CC(CC)(OC)OC1(CC)CCCO,2.6786369618080778e-33,False,-75.0
CC=C1CCC=C(C(C)C)OC1,2.6786369618080778e-33,False,-75.0
CC1=CC=C1C=O,2.6786369618080778e-33,False,-75.0
OC1=C=CCC=CC1=C[C-](O)O,2.6786369618080778e-33,False,-75.0
CC1C=COC(O)=C2C3=C(CCOC2=C1OC(=O)O)O3,2.6786369618080778e-33,False,-75.0
[CH2+]C12OC1=C(C)CCOC(C)O2,2.6786369618080778e-33,False,-75.0
CCOOOC1=CC(=C2COO2)C(Cl)=C1,2.6786369618080778e-33,False,-75.0
CCCCC(C)(COCOO)C(=O)CC,2.6786369618080778e-33,False,-75.0
CC(CCO)C1=C=C(O)OC1OBr,2.6786369618080778e-33,False,-75.0
C=C(CCC)OCC,0.6291085481643677,True,-0.46345147490501404
CC=CCOCCCC,0.7185521721839905,True,-0.3305169641971588
C=CCCCC,2.6786369618080778e-33,False,-75.0
C=CCCC(=C=C=O)C(=C=C=O)OC,0.7781133651733398,True,-0.2508830428123474
C=C(CC)CCOC1=C=C(C=CCC)CCC1OC,2.6786369618080778e-33,False,-75.0
CCC(C)OC1=C=C(C2=C(C(C)C)O2)CC1C1CC1,2.6786369618080778e-33,False,-75.0
CC1(C)CCCOCCC2=C3OC=C(C2)C(=C=C3O)C1,2.6786369618080778e-33,False,-75.0
CC1=C=C(CCO)C=CC1,2.6786369618080778e-33,False,-75.0
C=CCCC(C=C(C=CO)C1=C(C=C)CCO1)CCC,2.6786369618080778e-33,False,-75.0
C=CC(CC)C1=C(CC=CC)C=C(C(=O)O)C1,2.6786369618080778e-33,False,-75.0
C=C(CCC(C)O)OOC,2.6786369618080778e-33,False,-75.0
C=C=COC(=O)C(=C=CCC=C=O)C([Na])=C=COOO,2.6786369618080778e-33,False,-75.0
CC=CC(CC)CCC,0.5894911885261536,True,-0.5284954905509949
C=C=CC(C)C1C2=C=C=C=CCC1C2,2.6786369618080778e-33,False,-75.0
C=C=C1C2(C)OCC12OC,2.6786369618080778e-33,False,-75.0
CCC(=O)COCCCO,0.7485413551330566,True,-0.2896288335323334
CCC=C(CC)C(C)C(Br)=CC=C(CC)OC=CCO,2.6786369618080778e-33,False,-75.0
CCC1=C(C(C)=O)C(OC)CO1,2.6786369618080778e-33,False,-75.0
C=C1CCCCCC1,2.6786369618080778e-33,False,-75.0
C=C1CCC=C=C=C1OC(=O)OCO,2.6786369618080778e-33,False,-75.0
CCC1COC2C(=C1C)CC2O,2.6786369618080778e-33,False,-75.0
C=C1COC(=C)C(O)C(C)(C2=C=C2)C1,2.6786369618080778e-33,False,-75.0
C=C(CC)OC(C)C,0.6287026405334473,True,-0.46409690380096436
CCOC(C)(CC)C1=C=C(C=O)OC1,2.6786369618080778e-33,False,-75.0
CC=C=C1CC(CC)C1,2.6786369618080778e-33,False,-75.0
C=C=COC1=C(CCC(=C=O)C=C)C1,2.6786369618080778e-33,False,-75.0
CC1=COCCCOC2=CC3CC(=C1O)C(O)=C2C3=O,2.6786369618080778e-33,False,-75.0
C=C(C)CC1=C(C(=C)[Fe])C1C=CO,2.6786369618080778e-33,False,-75.0
CCC=C(C(=O)OOCl)C1=C=C1CBr,2.6786369618080778e-33,False,-75.0
C=CC1=C=C2OC(=O)CC3c4cocc5c3c(c-5c42)O1,2.6786369618080778e-33,False,-75.0
CC=C1CCCC(C(C)C)=C1C(O)OC,2.6786369618080778e-33,False,-75.0
CCC=CC(=CC(O)CC(C)(C)C)CCC,0.6483540534973145,True,-0.4333183467388153
C=C(O)CC(=CCCCCCC)CC(Cl)(CC)S[Na],2.6786369618080778e-33,False,-75.0
CC=CC1=C2C[C]C(OO)C3=C=C=CC32O1,2.6786369618080778e-33,False,-75.0
CCC1CC2CCCC1COC2,2.6786369618080778e-33,False,-75.0
COC1=CC(O)C(=C(C)OC)C=C1,2.6786369618080778e-33,False,-75.0
CC=C=C=CC(=CC1=C=C1COCC)OOC,2.6786369618080778e-33,False,-75.0
C=C=C1OC(C=C)=CC1C,2.6786369618080778e-33,False,-75.0
C=C=C(O)OC(C)O,2.6786369618080778e-33,False,-75.0
C=C=C1CC(C2=C=C(C=C)C2)=C1OC(C)O,2.6786369618080778e-33,False,-75.0
CCOCC(=O)C1=C(C)CCC=C1,2.6786369618080778e-33,False,-75.0
CCCOCC(=CO)CC,0.7138026356697083,True,-0.3371487855911255
CCC1=CC2=COCC=C(CC2)OC=C1,2.6786369618080778e-33,False,-75.0
CCC(OC)C1=C=C(OC=O)C1=C(O)CC=O,2.6786369618080778e-33,False,-75.0
CCCCOCC(CC)C(=O)OC,2.6786369618080778e-33,False,-75.0
CC=c1oc2cc1C(OC(O)=C=CCC(C)C=O)C=2C,2.6786369618080778e-33,False,-75.0
CC(C=CO)C=CC1CC1,2.6786369618080778e-33,False,-75.0
C=C=CC=C1OOC2OC1=CC(CCC1=CC1)C2=CC,2.6786369618080778e-33,False,-75.0
CC1=CCCC2([Na])C=C3CC(C=CC(=CO2)OC1)C3O,2.6786369618080778e-33,False,-75.0
OC1C2CC34OC5=C=C2COCC1C(=C1OC(=C13)O5)O4,2.6786369618080778e-33,False,-75.0
C=COCC(O)C(OC)c1oc(=O)occoc1C=O,2.6786369618080778e-33,False,-75.0
CCC(C)O,2.6786369618080778e-33,False,-75.0
C=CC(O)(CC(=O)OC)C(O)Br,2.6786369618080778e-33,False,-75.0
C=COC=C1C=CC=CC(CC)COC(C)=C1C=C=O,2.6786369618080778e-33,False,-75.0
CCCCC(C)C=C1C=C=CCCC1=C=CO,2.6786369618080778e-33,False,-75.0
C=CC(=O)C1=CC(C=C=O)=CC(=C=C=C=CO)C(O)O1,2.6786369618080778e-33,False,-75.0
CCCC(CC)C(C=O)OO,2.6786369618080778e-33,False,-75.0
C=CC=C1OOCOC=[C]C1=C(C)C(O)=C=O,2.6786369618080778e-33,False,-75.0
CC=CC(O)OC1=C=CCC2=CC2[CH-]C1=O,2.6786369618080778e-33,False,-75.0
CCC(=COOC(C)C=CO)CO,2.6786369618080778e-33,False,-75.0
CCOC1=C=C2C=C(C)C(Cl)(OC)[C]=C(O2)C1COC,2.6786369618080778e-33,False,-75.0
COC1=C=CC(O)(CCO)CC=C(OC(C)=C=C=O)O1,2.6786369618080778e-33,False,-75.0
C=C=CC(=C=C=COC)OC,0.7903041243553162,True,-0.23533743619918823
CCCCCC(C)(O)C=CO,0.6853777170181274,True,-0.37778517603874207
COCC=C=C=C1OC=C=CC1=C=C=O,2.6786369618080778e-33,False,-75.0
CC1=C(C2=C(OC(O)CO)C2)[C+](C)COCO1,2.6786369618080778e-33,False,-75.0
C=C=C=C(O)OC1C=C=C2C=CCC(=CC(O)C1)CC2,2.6786369618080778e-33,False,-75.0
CCCOC(O)C=O,2.6786369618080778e-33,False,-75.0
C=C(CCCCl)OCC,0.6484923958778381,True,-0.4331049919128418
CC(C)=CC1O[C-]=C1CC(C)C,2.6786369618080778e-33,False,-75.0
C=C1C=C(C)C2OC2(CCC)CC(=C(O)CCO)OO1,2.6786369618080778e-33,False,-75.0
C=C1OCOOC2=CC(=C2C=O)C=C1C,2.6786369618080778e-33,False,-75.0
C=CCOCC(COC)C1(O)C[C+](OO)C=C1C,2.6786369618080778e-33,False,-75.0
C=C1CCOC2(Cl)C(=CC)C(OC)=CCCC1C2=CC,2.6786369618080778e-33,False,-75.0
CC=C1CCC(C=C(CO)C(C)=C(C)CC)(COC)C1,2.6786369618080778e-33,False,-75.0
C=CC=CC(=C=C(C=C)C=CO)C=CC,0.6742202043533325,True,-0.3941985070705414
CCCC1=CCCC(O)=C=C(CCOC)O1,2.6786369618080778e-33,False,-75.0
C=C1CCC2=CC=C(C)OC(C)=C12,2.6786369618080778e-33,False,-75.0
CC(=O)CNOC1=CC(C)(C)C(C)OC(=O)C=CC1,2.6786369618080778e-33,False,-75.0
C=C(C)C(OCC)C(=O)CCC,0.7786069512367249,True,-0.25024890899658203
CCC,2.6786369618080778e-33,False,-75.0
C=C(C=O)OC1=C(Br)C(F)=C(C(=C=CCOC)C=O)C1,2.6786369618080778e-33,False,-75.0
CCC(C)C=C(C)O,0.699600875377655,True,-0.3572452962398529
CCCC([Fe])=CCC1=CCC(OCC)CO1,2.6786369618080778e-33,False,-75.0
CCC=C1C=C=CC=C=C(C)OC1,2.6786369618080778e-33,False,-75.0
C=CCC(CC)(CC(=C=C=CC(=C)O)OC)C1=C2C=C21,2.6786369618080778e-33,False,-75.0
C=C=CC1=C(CCC)CC2=CC(=C=C1)C(C=O)C2=CO,2.6786369618080778e-33,False,-75.0
CC1=C(O)C=C=C=CC1,2.6786369618080778e-33,False,-75.0
CCC=C1OC=CCC(C)=CC(O)C1=C=C(C)CC,2.6786369618080778e-33,False,-75.0
OC1=CC=C=C2C=C=C21,2.6786369618080778e-33,False,-75.0
CC(=C=C(C)C(C)OC=O)OC=C=O,2.6786369618080778e-33,False,-75.0
CCCC(OC(C)C1C=C1)C1=CC(=O)O1,2.6786369618080778e-33,False,-75.0
CCC=C(O)OCCC,0.6584904789924622,True,-0.4178052246570587
CCC(=C=C1CCCO1)CC=CO,2.6786369618080778e-33,False,-75.0
CCCOCOC=C=O,0.693777859210968,True,-0.3656034469604492
C=C=C1C=CCC=C=C1C,2.6786369618080778e-33,False,-75.0
CCC=COCOCCC,0.609990656375885,True,-0.4943116307258606
CCCCC(CC)OC,0.6514723896980286,True,-0.4285202622413635
O[CH+]C1=CCC(=CCCC2=CC2)O1,2.6786369618080778e-33,False,-75.0
C=C=C=C1C(C(=C)O)=[C-]OC=C1C,2.6786369618080778e-33,False,-75.0
CCCC(CC)=C(C)CO,0.6944354772567749,True,-0.3646560311317444
C=C1C(C)=C1C([Fe])=CC,2.6786369618080778e-33,False,-75.0
C=C=CC(C)C(OCCC)=C(CC)OO,2.6786369618080778e-33,False,-75.0
CC1=C=C(Br)C2=COCCCOC=CC(=CC2)C(O)C1,2.6786369618080778e-33,False,-75.0
CC=C(O)C1=C2CCOC21OO,2.6786369618080778e-33,False,-75.0
CC1=C=C1C1C=C(CO)CCO1,2.6786369618080778e-33,False,-75.0
C=C(C)C(OC)C(OC)=C(O)C(=CC=CC)OC(C)=O,2.6786369618080778e-33,False,-75.0
CCCc1c(C)ccc(CC)c1F,0.9034711122512817,True,-0.1015111431479454
C=C(OCC(OC)C(=O)OC(=CC1CO1)OC)C(C)C,2.6786369618080778e-33,False,-75.0
CC=CC=C=C1C=C(OC)C1,2.6786369618080778e-33,False,-75.0
CC=C1C(O)CCOC1C(=COC)C(=CCCO)OC,2.6786369618080778e-33,False,-75.0
C=CCC1(CC)C=C=C(OC)C=CO1,2.6786369618080778e-33,False,-75.0
COCCCC(C)C,0.6399737000465393,True,-0.44632819294929504
C=C(CCC)C(=C=CC)COC(C)(CC)OCO,0.6800239086151123,True,-0.3856273293495178
CCC(O)=C(C)OC1=CCC1O,2.6786369618080778e-33,False,-75.0
CC=CC(=CC(=O)O)OC(=O)C(C=O)OC(O)CC,2.6786369618080778e-33,False,-75.0
CCCC(=C1C(O)=C=CC1OC)C([Na])CC,2.6786369618080778e-33,False,-75.0
CCCC(CC)C(C)=COO,2.6786369618080778e-33,False,-75.0
C=C(C=O)CCC1=COC(C=C(C)C)=C(O)CC1OC,2.6786369618080778e-33,False,-75.0
COC1=C=C2COOC3=C=C(CC2=C=C2CO2)C13OC,2.6786369618080778e-33,False,-75.0
C=C=C1CC(OC(=O)C(O)CC)C1,2.6786369618080778e-33,False,-75.0
CC=C(OC1=C=C2C=C(C1)O2)C(C)O,2.6786369618080778e-33,False,-75.0
CCC=CCC(=CCC)C(C)Cl,0.5833585858345032,True,-0.5389531850814819
C=CC(COC)=C1C=C(C=O)CC1,2.6786369618080778e-33,False,-75.0
C=CCC(CO)=C1OOC=C1CC1(C)C(C)COC1O,2.6786369618080778e-33,False,-75.0
COC1=C=C=COC(=C=C=CC(C)CO)O1,2.6786369618080778e-33,False,-75.0
C=[C+]C(C)CC(=O)OCO,2.6786369618080778e-33,False,-75.0
CC(C)C,2.6786369618080778e-33,False,-75.0
C=C1CC(O)=C=C1CCO,2.6786369618080778e-33,False,-75.0
C1=COC2=CCC(=C1)O2,2.6786369618080778e-33,False,-75.0
C=C=C(CC)CC1=C=CCC2=CC3OOC13C(=O)CC2,2.6786369618080778e-33,False,-75.0
CC1[CH+]CCC=CCC2CC3=C(O)C14OCCOOC324,2.6786369618080778e-33,False,-75.0
CCCC=C1OC=C=CC=COC1=C=O,2.6786369618080778e-33,False,-75.0
C=C1CCOC2=C=C(C)COOC(=COC(=C)O1)C2=O,2.6786369618080778e-33,False,-75.0
CCCC=C(O)C(O)=C=C(COC)C1C=CCCCC1,2.6786369618080778e-33,False,-75.0
CC=C=C=CC(=O)CC,0.8153677582740784,True,-0.20411603152751923
C=C(C(=C=O)CC)N1CC(C=C=C=C=CC)=C1[OH2+],2.6786369618080778e-33,False,-75.0
CCCCC1=CC(CCC)C1([Fe])COCCC,2.6786369618080778e-33,False,-75.0
CCCC(=C=CO)C=C(C)O,0.7495736479759216,True,-0.28825071454048157
CC=CC(C(=CC=CCO)OC)=C([Na])OC=O,2.6786369618080778e-33,False,-75.0
CC=C=C=C=C(C=O)OC=C=CC,0.8268226385116577,True,-0.19016507267951965
C=C([CH-]C)C(C=CC(=C=O)C=C=[C-]CC)CC,0.7075356841087341,True,-0.34596720337867737
CC([Fe])=C=C=C(C)C(O)OC=O,2.6786369618080778e-33,False,-75.0
CC1CC=CC1C(O)=CO,2.6786369618080778e-33,False,-75.0
CCCO,2.6786369618080778e-33,False,-75.0
OC1C=C=C=C2CCCC13C=C2S3,2.6786369618080778e-33,False,-75.0
COC1(C)C(=C=CO)OC(C)=C1O,2.6786369618080778e-33,False,-75.0
CCOCC(=O)C#CC(OC)OC,2.6786369618080778e-33,False,-75.0
CCOC(=C=COO)C[O-],2.6786369618080778e-33,False,-75.0
C=C([Fe])OC=C(COCC=CC)C1=C(O)O1,2.6786369618080778e-33,False,-75.0
[C]C=CCC=CC=CCC,2.6786369618080778e-33,False,-75.0
CCCCC(O)=C(C)C(C)CC(C)=C=C=CC=O,0.7026206851005554,True,-0.35293808579444885
C=C=C=C=C=COC(=C=COC)OC,0.7157856225967407,True,-0.3343745768070221
CCC=C1COC(=C(C)O)C1,2.6786369618080778e-33,False,-75.0
OC1CC12C=C=C=CC2,2.6786369618080778e-33,False,-75.0
C=CCC(O)=[C+]COCC,0.6744922995567322,True,-0.3937950134277344
C=C(CC)C(=C=C(C)C)CCC,0.6493403911590576,True,-0.43179821968078613
C=C=C=C(O)CCC1(C(CO)OC=C=C)OCCC1=O,2.6786369618080778e-33,False,-75.0
CCC=C=C=CC(=O)Oc1c(OC)c1=O,2.6786369618080778e-33,False,-75.0
C=C1C2C=C=C=C=C3OC(=C=C=CC2)OC1C=C(O)O3,2.6786369618080778e-33,False,-75.0
C=CC(O)COC(CC)CC=C(C)O,2.6786369618080778e-33,False,-75.0
CC1(O)CCC(OC=CO)C1,2.6786369618080778e-33,False,-75.0
C=C=CC(O)=C=CCCCCC,0.6514175534248352,True,-0.4286044239997864
CC=C=Cc1c2[c+]1C2(C)OCC,0.8071281313896179,True,-0.2142728567123413
C=COOC1(OC(=O)[Na])C=CC2=C=C=CC(C)C2=C1C,2.6786369618080778e-33,False,-75.0
CCC(=O)CC(OCCC(C)C)C(C=O)=CBr,2.6786369618080778e-33,False,-75.0
CC1=C(O)CCCOC1C,2.6786369618080778e-33,False,-75.0
C=CC1=C(C)OC(=O)C(=COC(C)C(C)=CC)C(O)O1,2.6786369618080778e-33,False,-75.0
C=C(C)C(=C)OOC1=C=C1,2.6786369618080778e-33,False,-75.0
CCC=C1OCC2=C=C(C(=CO)CO1)N2Cl,2.6786369618080778e-33,False,-75.0
CC1=C=C(CCO)C(=C=CCO)CO1,2.6786369618080778e-33,False,-75.0
C=COC1(C)CC(C(=C)C)=CC1=C1CCCC(=O)C1,2.6786369618080778e-33,False,-75.0
CCC1=COC(=C=C=O)C=C1C,2.6786369618080778e-33,False,-75.0
C=COC(=C=C=CC1C(=C)CC1C)[c+]1oc1=O,2.6786369618080778e-33,False,-75.0
COOCC(C)CCCO,2.6786369618080778e-33,False,-75.0
C=C(OCCO)OC1(CC=O)C=CC1,2.6786369618080778e-33,False,-75.0
CCOC(O)C(C)OC,0.7023597955703735,True,-0.3533094823360443
[CH-]=C=CC(C)(N=C=CO)C1=CC=C=C1,2.6786369618080778e-33,False,-75.0
C=CC(C)(C)CC,2.6786369618080778e-33,False,-75.0
CC1=C2OC(C)C(=CC(O)C3=C(CO3)C2=O)O1,2.6786369618080778e-33,False,-75.0
CC(O)OC=C1C(CO)=CC1C,2.6786369618080778e-33,False,-75.0
C=CC(C)=C(C=O)OO,2.6786369618080778e-33,False,-75.0
CC=C=C(CC)OBr,0.7858499884605408,True,-0.24098935723304749
CCCC(O)C(C)(O)CC,0.7785610556602478,True,-0.2503078579902649
C=C=CCC1=COC2OC2C1,2.6786369618080778e-33,False,-75.0
CCC=C(C=CO)CCC,0.6206676959991455,True,-0.4769594669342041
C=C(C)CC(C)CC,0.6475959420204163,True,-0.43448832631111145
CCCOC1=C=C2COC(OCC)=C=C=C21,2.6786369618080778e-33,False,-75.0
C=C=CC1=C=C=C=C=C(OC)C(=C)O1,2.6786369618080778e-33,False,-75.0
CCCC1CC(C=O)=C1C[Fe],2.6786369618080778e-33,False,-75.0
CC=CC1=CC(CC)=C=C=C(O)C(=CCC)CCC=C1,2.6786369618080778e-33,False,-75.0
O=C1C2=CC=CC3OOC123,2.6786369618080778e-33,False,-75.0
C=C(C=C(C)CC)OCC,0.6914570331573486,True,-0.36895427107810974
CC(C)=C1CC=C2CCCC3=CC(=C1C3)C2,2.6786369618080778e-33,False,-75.0
CC=C=CC1=C2C=CCC1C(C=C=CCO)=C2OCC,2.6786369618080778e-33,False,-75.0
CC=C(O)C(C(=O)O)C(=O)C(Br)=C=C(OC)OC,2.6786369618080778e-33,False,-75.0
CCC1OC2(O)OC3CCC2C3=C1C,2.6786369618080778e-33,False,-75.0
CCOC(C)OC(O)=C=O,2.6786369618080778e-33,False,-75.0
C=C=CC1C=CC2=CC3(OCOCOC(O)=C2C3=C)O1,2.6786369618080778e-33,False,-75.0
CCC=C=C(OC1=CC=COO1)C(O)CC,2.6786369618080778e-33,False,-75.0
O=C=C=CC12C=C=COOC1=C1C=C(CC=C=CC2)C1,2.6786369618080778e-33,False,-75.0
C[CH-]C1(OO)COCC2CC(C=CO1)C2(CC)CC,2.6786369618080778e-33,False,-75.0
CCC1CC=C(CO)C(O)C(=CO)C1,2.6786369618080778e-33,False,-75.0
C=CCC(=CC=CC)C(=CC=O)OCCCC,0.6671552658081055,True,-0.40473246574401855
C=CC(=CC(=C(C)O)C(C)C)CC,0.6661273241043091,True,-0.4062744379043579
CCC(O)=C(CC=O)CCO,2.6786369618080778e-33,False,-75.0
C1=COC(=C2COO2)CCC2=CCC=1COC2,2.6786369618080778e-33,False,-75.0
CC1=C=CC(=C(CO)OC=C=CO)OC1,2.6786369618080778e-33,False,-75.0
CC1C=C2C1=C=CC(CC=C=CO)=C2OCO,2.6786369618080778e-33,False,-75.0
COOC(C)(Cl)C(=C=O)C(Br)=C=O,2.6786369618080778e-33,False,-75.0
CCC(C)=CC=C=CC=C=CCF,0.6007378101348877,True,-0.5095967054367065
C=CC=C=C=C(C)C=CO,0.7290905714035034,True,-0.31595730781555176
C=CCC=C(C)OC=C,0.6748301386833191,True,-0.3932942748069763
C=CC(O)OCC=O,2.6786369618080778e-33,False,-75.0
OC1=CC2=C=C2C=CC1,2.6786369618080778e-33,False,-75.0
CCC(C)C=C(C)CCC1=C=C=CC1,2.6786369618080778e-33,False,-75.0
CC=C=C=C(C)O,2.6786369618080778e-33,False,-75.0
CCC1(CO)C(F)=CC(C)OC1C,2.6786369618080778e-33,False,-75.0
C=C(O)CC1CC=C=C1C=CC,2.6786369618080778e-33,False,-75.0
CC=COC(=C=C(CCO)COOOC)C=CC,2.6786369618080778e-33,False,-75.0
COC1C(Br)=C=C=C=CC=C1C,2.6786369618080778e-33,False,-75.0
C=C1CC2(O1)C1=[C+]C(O)CCOCC1=C2C(=C)CC=O,2.6786369618080778e-33,False,-75.0
CC1=C=C2CC(C)CCOC(O)CC2=CCCC=CO1,2.6786369618080778e-33,False,-75.0
C=C1C=C=C(OC)C(OC=O)=CC1,2.6786369618080778e-33,False,-75.0
CCC1C=C=C2COC=COC(C=CC2(C)O)OC1=O,2.6786369618080778e-33,False,-75.0
[CH2+]C(C)C(C)OC=C(O)CC,0.7545651197433472,True,-0.28161370754241943
C=C=CC(=O)C=COCCCCCC,0.7059973478317261,True,-0.3481438159942627
CCC=C1OC=C1C1=CCO1,2.6786369618080778e-33,False,-75.0
CC=CCC(=C=O)CC(O)OCCCOCCC,2.6786369618080778e-33,False,-75.0
COC=C1C=C(O)C(OC)=COOC1=O,2.6786369618080778e-33,False,-75.0
CCC=C1C(CC)=C=C1C(O)O,2.6786369618080778e-33,False,-75.0
CCC1CC12C=CO2,2.6786369618080778e-33,False,-75.0
CCCC1=C2CC3(CO3)C1(O)C=C(C)CC2C=O,2.6786369618080778e-33,False,-75.0
CC=CC1=C=C=C(C=O)C=C1C,2.6786369618080778e-33,False,-75.0
COCC(OOC)C(=O)OCO,2.6786369618080778e-33,False,-75.0
CCCOC=C=C=C(O)[Na],0.737572193145752,True,-0.3043912947177887
C=C(C(C)=CC)C(=CC(=O)C1=CO1)C1CCC=CO1,2.6786369618080778e-33,False,-75.0
C=CCC(O)CC(=C=C1C=C2C1=C=CCC2=CC)C=O,2.6786369618080778e-33,False,-75.0
OC1=C=C=CC2=CC3OCOC4OC(=C4O1)COC3C2,2.6786369618080778e-33,False,-75.0
C=C=C(OC)C1C(O)=CC2(C)C=C12,2.6786369618080778e-33,False,-75.0
CCCCCC=CC(C=O)CCOO,2.6786369618080778e-33,False,-75.0
CCC(C)=C(CC)COCO,0.6896999478340149,True,-0.37149864435195923
C=C1CC2=C=CC3CC(COCC2C1)OOC(C)=CO3,2.6786369618080778e-33,False,-75.0
C=C(C)C=C1C=C2CC(O2)C(C(C)=O)=CC=C1OO,2.6786369618080778e-33,False,-75.0
CCOC1=C(OC(CC)OC)OOCC1,2.6786369618080778e-33,False,-75.0
CCC=C=C(O)OC=C=CCCCCC,0.570216715335846,True,-0.5617387890815735
CCCCC(C)OC(CC)CO,0.7493236064910889,True,-0.2885843515396118
C=CCC=C=CC(O)=C1C(O)C12C=C=C=C=CCC2,2.6786369618080778e-33,False,-75.0
OC=C1C=C(C2CCCO2)O1,2.6786369618080778e-33,False,-75.0
CCOC([Na])C1=COC2=C(C(=CCC3C=C3)OC)C2O1,2.6786369618080778e-33,False,-75.0
C=C1CC1C(C1=CC1)C(COCC)(OC=O)OOOC,2.6786369618080778e-33,False,-75.0
CCCC=C1C=CC=[C+]C(C(O)OC)=C1,2.6786369618080778e-33,False,-75.0
CCCCCC(O)CC=C=C[Na],0.679545521736145,True,-0.38633105158805847
CC=CC1C(O)C1(O)CCCC,2.6786369618080778e-33,False,-75.0
CC=C(OCC)OCO[CH-]C,0.6441787481307983,True,-0.43977904319763184
C,2.6786369618080778e-33,False,-75.0
C=CC(=O)C1(C=C=C=COC=C(C)O)OC(=CO)C1O,2.6786369618080778e-33,False,-75.0
C=C1OC2=C=C(C(C)=O)OCC2=C=C2OC2O1,2.6786369618080778e-33,False,-75.0
CCOC(C)OC(OC=O)C(C)C(C)CC(C)CC,2.6786369618080778e-33,False,-75.0
CCCCC(C)(C)C(=O)CO,0.7091494202613831,True,-0.3436890244483948
CC1C=C2OC(=C(OCO)O2)COC(O)(O)CC1,2.6786369618080778e-33,False,-75.0
C=C(CC)CCC([Na])=C(C)CC,0.636258065700531,True,-0.45215103030204773
C=COC1(C=C)C=C=C(C)COCCOC1OC,2.6786369618080778e-33,False,-75.0
[Fe],2.6786369618080778e-33,False,-75.0
C=CCC(C=C(C)C=CC=CO)=C1CC=C1C(O)=C=O,2.6786369618080778e-33,False,-75.0
CC1=C(O)C(CO)=CCC2CCC(C=O)OC1=CC2O,2.6786369618080778e-33,False,-75.0
C=COC=C1CCC(CCC)=C(O)C1(C=CO)OC=O,2.6786369618080778e-33,False,-75.0
CCCC(OC)C1CC2=C(C)C23CC1CO3,2.6786369618080778e-33,False,-75.0
OC1=CC2=C(CC=COCC=C2)OC(O)O1,2.6786369618080778e-33,False,-75.0
CCCCC1=C=C1C=C=C=C=O,2.6786369618080778e-33,False,-75.0
C=C(C=O)C=C=C(C)CO,0.8297052383422852,True,-0.1866847723722458
CCC=C=C(CC)OC=C(C)CCC,0.6333982944488525,True,-0.4566558599472046
CC(C)=C1CC2=C3C(=C=O)OOCOC1C(=O)C3O2,2.6786369618080778e-33,False,-75.0
CC=CC1=C=C(OC(=O)C=O)OO1,2.6786369618080778e-33,False,-75.0
C=CC1=C(Br)C2COC=C=C=C=CC=C1OC2,2.6786369618080778e-33,False,-75.0
C=CC=C(CO)C(C)=C=COC,0.7480706572532654,True,-0.29025784134864807
COC1=C(C2=C(C)CC(O)=C2CNO)CC1,2.6786369618080778e-33,False,-75.0
C=C=C=C1C(CC(C)O)=C2CC(CO2)CC(C)CC1C,2.6786369618080778e-33,False,-75.0
C=COC1=C=C(Cl)C2=C=CC(=O)OC=C1C(=O)CC=C2,2.6786369618080778e-33,False,-75.0
CCOCC(=C=C(C)C(=O)O)C(C)C,2.6786369618080778e-33,False,-75.0
C=C=C(O)C1C2=C=COC(=C=C(C)C=CC(O)C1O)C2,2.6786369618080778e-33,False,-75.0
C=CC1(O)C2=CC=C1C1=C=C(OC)CC(C1)C2,2.6786369618080778e-33,False,-75.0
C=C1C=CCOC(=C=CCCC)C1O,2.6786369618080778e-33,False,-75.0
CCOC(=COC)COC(O)CO,2.6786369618080778e-33,False,-75.0
C=COC(=C=C=C(O)C(C)O)CC1=C(O)O1,2.6786369618080778e-33,False,-75.0
CC=C(O)NCCC,0.5650802254676819,True,-0.5707875490188599
CCC1C=CC(OC)(C(=O)CC=CO)CO1,2.6786369618080778e-33,False,-75.0
CC1OC(C2=C=C(CO)CO2)=C1C=CCO,2.6786369618080778e-33,False,-75.0
CCCCOCOCCC,0.6692749857902527,True,-0.4015602767467499
COC1C(C)=C=C2C(=C[Na])CC2C=C1F,2.6786369618080778e-33,False,-75.0
CCC=CC(=C=O)C1OCC2=C(CO2)OCC(OC)O1,2.6786369618080778e-33,False,-75.0
C=CC1C=C(O)C2=C=C(OC)C(=C3C=C=C23)O1,2.6786369618080778e-33,False,-75.0
C=C(CC)CC(CC)C(=C=CC)CCC,2.6786369618080778e-33,False,-75.0
CCC(=COC)COC(=O)O,2.6786369618080778e-33,False,-75.0
CCC(=CC1OC1([Fe])OC1=C2C=C1O2)CC,2.6786369618080778e-33,False,-75.0
CCC1COC2(CC(OC)=C2CO)OC1C,2.6786369618080778e-33,False,-75.0
C=C=C1C=CCC(C(C)C=C)=C=C1C1=C(C=O)C1O[Fe],2.6786369618080778e-33,False,-75.0
CCC1=C=C=C=CC1=O,2.6786369618080778e-33,False,-75.0
CCC1=CC2=COC1(O)C=CC2,2.6786369618080778e-33,False,-75.0
C=CC(=CO)CCC,0.6569162607192993,True,-0.4201987385749817
CC=C=C=C1C=C(O)OC(OO)=C(OC=C=O)C1,2.6786369618080778e-33,False,-75.0
O=C1C=C=CC2(O)C1=CCOC2(F)C1CC=CCCO1,2.6786369618080778e-33,False,-75.0
CC=C=CC1CC(O)C(O)CC(Cl)O1,2.6786369618080778e-33,False,-75.0
O=C(C=CO)C[Fe],0.734196126461029,True,-0.3089790940284729
CC=C1COC(=O)C(C)=C=C(CCC)C1O,2.6786369618080778e-33,False,-75.0
CC1(C(=CC(=O)CO)C(=O)[Fe])C=C1,2.6786369618080778e-33,False,-75.0
CC(=C=O)C=C=C1CCCC1C,2.6786369618080778e-33,False,-75.0
CCC=CC=C(C[Fe])C(=O)COC,0.7356269359588623,True,-0.30703216791152954
C=COCC1=COC(C)C(OCC(C)=O)=C1C=COO,2.6786369618080778e-33,False,-75.0
C=C=C(CC(=C=C1C=C=C1C=O)OC(C)O)OCC=O,2.6786369618080778e-33,False,-75.0
COC=C1C(=O)OC(CCCOC)C2=C1C2C(=O)OC,2.6786369618080778e-33,False,-75.0
CC1OOCC(=O)C(C)O1,2.6786369618080778e-33,False,-75.0
CC(C)=CC1=CC1(C)N,2.6786369618080778e-33,False,-75.0
C=CC1COC=C(CCCC)C(=O)O1,2.6786369618080778e-33,False,-75.0
C=CC(=O)C(C)CC,0.7389616966247559,True,-0.3025091886520386
CCOC(=CO)CC1=C(C=C=O)C=CC1,2.6786369618080778e-33,False,-75.0
CCO,2.6786369618080778e-33,False,-75.0
CCCCOOC=C=COCO,2.6786369618080778e-33,False,-75.0
O=C=C=C1C2=C=C=C(O)OC1=C2C=O,2.6786369618080778e-33,False,-75.0
C=C=C(C=C=CC(C)=CC)c1cc1=O,0.8455320000648499,True,-0.1677892655134201
CCC(=O)CC=C=CC1=C(OOC)O1,2.6786369618080778e-33,False,-75.0
CCC(=COO)COC,2.6786369618080778e-33,False,-75.0
C=C(OCCC)C(O)(CC)OC,0.6800787448883057,True,-0.3855466842651367
C=C=C=CC(=C=CBr)C1CC(=CCCC=O)C1C=CC,2.6786369618080778e-33,False,-75.0
CCc1cc(C=O)c(C)o1,0.9884961843490601,True,-0.01157049648463726
CCC=CCC(C)OCC,0.6264922022819519,True,-0.4676189422607422
CC=COC(Br)=C=c1cc2c(o1)=C1CC1=C=C2,2.6786369618080778e-33,False,-75.0
CCCOC1=C=CC=C(O)C1=O,2.6786369618080778e-33,False,-75.0
CCCC=CC(C=O)C(=CO)OOCC,2.6786369618080778e-33,False,-75.0
CCCC1CCC=C=C2C(=C=CCC2(C)O)C(O)OC1,2.6786369618080778e-33,False,-75.0
C=CC(O)(OCCC(C)OC)C(C)=C=CC,0.7325471639633179,True,-0.31122756004333496
C=C=C(C)C1OCCC=COC2=C3OCC3=C=C1C2O,2.6786369618080778e-33,False,-75.0
CC=CC(=O)C1OCC(C=O)CC1=C(C=O)CCC,2.6786369618080778e-33,False,-75.0
CCC(C)C(C)=O,0.6572765707969666,True,-0.4196504056453705
C=C=C=C=C(CC)CC(C)(O)CC,0.6719945669174194,True,-0.3975050449371338
C=C=CC(=C=[C+]OC=C)C(=C=O)C(=O)C=CC(=O)C=C,0.8461170196533203,True,-0.16709761321544647
COC=C=C1OC=CC(=O)C1(O)OCOC,2.6786369618080778e-33,False,-75.0
C=CCCCC1=C=C(OC(C)=C2C=C2)C(O)=CO1,2.6786369618080778e-33,False,-75.0
OC1=C=C(C=C2CCO2)C(O)=C1,2.6786369618080778e-33,False,-75.0
CCC=C(C)C,2.6786369618080778e-33,False,-75.0
CCC1C=C2C=C=CC2(C=C=CO)NC(=O)OC1,2.6786369618080778e-33,False,-75.0
COCC1=C=C(O)C=C=C=C1OC,2.6786369618080778e-33,False,-75.0
CC=CC(C(Cl)=C=CCCC(=O)OC)=C(C)CO,2.6786369618080778e-33,False,-75.0
CC=CC(C)=C(C)CC(C)[Fe],0.626544713973999,True,-0.467535138130188
CC12C=C=C1C=C1C2=CCC(O)=C=CCC1O,2.6786369618080778e-33,False,-75.0
CCC=CCC(CCO)COCC,0.7068288922309875,True,-0.3469666540622711
CCC=CC(C)=CCCO,0.6083678007125854,True,-0.4969756603240967
C=C1C2=C(C=CO)CON1C2C1=C(CCC)CCC1Br,2.6786369618080778e-33,False,-75.0
C=CCC(C(=O)OCC(=C)C)=C(O)Cl,2.6786369618080778e-33,False,-75.0
N=C=C=C=C1CC=C=C1Cl,2.6786369618080778e-33,False,-75.0
CC=CC(CO)OCCO[O-],2.6786369618080778e-33,False,-75.0
OCNC1=C=C1,2.6786369618080778e-33,False,-75.0
C=C(C)OCOCCC,0.6343970894813538,True,-0.45508021116256714
OC1=C2C=C(CO2)OCO1,2.6786369618080778e-33,False,-75.0
CC1=CC=CC2=CCOC2=CC(C)=C(C)O1,2.6786369618080778e-33,False,-75.0
CCC(C)C(O)C1O[C-]=C=C(CO)C1=O,2.6786369618080778e-33,False,-75.0
C=CC(=COCC=CC)CCC,0.6492320895195007,True,-0.43196502327919006
C=CC(C=C)=C(C=C=C=O)C=C=C=C(C)CCC,0.7245793342590332,True,-0.32216402888298035
OC=CC=CC=C(COC1=C=CC1)OCO,2.6786369618080778e-33,False,-75.0
COC=C=C=C=C(C)C,0.7486951947212219,True,-0.2894233167171478
C=CC(=O)OC(C)=CC(C)=C=C(O)CC,2.6786369618080778e-33,False,-75.0
CCOC=CC1=C=C=C=CC1,2.6786369618080778e-33,False,-75.0
CC=CCCC(=O)CC,0.6476290225982666,True,-0.43443724513053894
CCCC1CC2=C=C1CC2,2.6786369618080778e-33,False,-75.0
CC=C(CC)OCCO,0.736199140548706,True,-0.30625462532043457
C=C=C1CO1,2.6786369618080778e-33,False,-75.0
C=C=C=C1COC1=C=C=CC,2.6786369618080778e-33,False,-75.0
C=C1OC(=CC=CC)COCC(C)C(=O)C(C=CC)O1,2.6786369618080778e-33,False,-75.0
CC=C=C=C=COC=C=CC,0.737930953502655,True,-0.30390501022338867
CCCC=CC1C=CCCC(OC)C1,2.6786369618080778e-33,False,-75.0
CC=CC(=C=C=C=O)C=CC,0.721087634563446,True,-0.3269945979118347
C=COC(C)C(=CC(=C)CC)C(=C)CCC,0.6509748101234436,True,-0.42928433418273926
CC=C=C1C(C2=CC2)=C=C=CC1=C(O)CC=O,2.6786369618080778e-33,False,-75.0
CCCOC1=C=CC1,2.6786369618080778e-33,False,-75.0
C=C(O)C(C)=CCC,0.7390682101249695,True,-0.3023650646209717
C=C1C(O)=C=C=C1CC=O,2.6786369618080778e-33,False,-75.0
CCCC1=C=C=C2COC(=C(C)OC3=CC3=C2O)OC1,2.6786369618080778e-33,False,-75.0
C=C=CC1(C(O)C=CC)CCOC(=O)CC2=CC=C1C2,2.6786369618080778e-33,False,-75.0
CCC1=CCC(OC)=C=CCO1,2.6786369618080778e-33,False,-75.0
CC1=CC=C=C=C=C=C=C=CC=CCC1,2.6786369618080778e-33,False,-75.0
CCC1C[C]C(OOC2C=CC3=C2C3)=COC1C,2.6786369618080778e-33,False,-75.0
CCC1=CCC(OC)=C(C)OC1C,2.6786369618080778e-33,False,-75.0
CCCCC(O)=C=C=C(C)OCC=O,0.7959157824516296,True,-0.22826190292835236
C=C(CC(C)=O)OCC,0.6721410155296326,True,-0.3972871005535126
C=C=C[C-](O)C1CCO1,2.6786369618080778e-33,False,-75.0
CC1=COOCC(C=O)(C2C=C(O)C(C)OO2)OCC1,2.6786369618080778e-33,False,-75.0
C1=CC2(C=C2)CO1,2.6786369618080778e-33,False,-75.0
CCCCCOC1=C2C=CC1=CC(=COC)C2,2.6786369618080778e-33,False,-75.0
C=COC(=CC(O)Cl)OCO,2.6786369618080778e-33,False,-75.0
C=C1CC(C)=CC1O,2.6786369618080778e-33,False,-75.0
C1=C=COC=C2CC(=C=1)COO2,2.6786369618080778e-33,False,-75.0
CCC(CO)CCC1CC1,2.6786369618080778e-33,False,-75.0
COC1C=CC=CCC(Br)=C1,2.6786369618080778e-33,False,-75.0
CCCC(=O)C=C(O)CC,0.759331464767456,True,-0.27531689405441284
C=CC(O)=[C-]OCCO,2.6786369618080778e-33,False,-75.0
CCC1=C(CO)CC(=C[Na])C(F)=C1CC,2.6786369618080778e-33,False,-75.0
COC(=C=C=O)CO,2.6786369618080778e-33,False,-75.0
CC=C=C1C=[C+]OC=C=C=C=C=C(C=O)CCCCC1,2.6786369618080778e-33,False,-75.0
COOCC=C=CC1=C2OC(C)C23C(CC=O)=C13,2.6786369618080778e-33,False,-75.0
CCC(CC(O)O)C(O)=COC(C)C,2.6786369618080778e-33,False,-75.0
C=CC=C=C1OOCC=C(CO)C(CC)OC1C,2.6786369618080778e-33,False,-75.0
CC=CC1=C(C=C(C)O)C(=CC)C(C)OO1,2.6786369618080778e-33,False,-75.0
CC=C=C1C=C(C2(C=CCO)COC2)O1,2.6786369618080778e-33,False,-75.0
C=CC=CC(=COCC)C(COC)C(C)=C=CC,0.6660172343254089,True,-0.40643972158432007
CCC=CCOC(C)C,0.6683157086372375,True,-0.4029946029186249
C=CCC(C)C([CH+]CC[Na])(OC)C1([Na])C=C(O)CC1,2.6786369618080778e-33,False,-75.0
CCC1COC2(OC=O)C(=C=C=C=O)C=C=C2C1,2.6786369618080778e-33,False,-75.0
COC=CC(=C=CO)OOCCO,2.6786369618080778e-33,False,-75.0
CC(=C=CCO)C(C)O,0.7795203328132629,True,-0.24907651543617249
CCC=C=C(C)C(C)OCC,0.6865711212158203,True,-0.37604546546936035
CCOC(CC=CO)OC,0.6553264260292053,True,-0.42262181639671326
C=CC=CCC(=Cc1ccco1)COC,0.755424439907074,True,-0.28047552704811096
CC=C=CCC(O)(CCCC)CCC(O)O,2.6786369618080778e-33,False,-75.0
C=COC1=CC(=C2CCOCOC2=COC)C=C=CO1,2.6786369618080778e-33,False,-75.0
COC=CC(=O)C=C1CCC2CC(C1)OCO2,2.6786369618080778e-33,False,-75.0
CCC(=C=CC1OCC(C)O1)CC,2.6786369618080778e-33,False,-75.0
C=C(C)C1c2c3c4cc(O)c2C(O)(CCC3)C41,2.6786369618080778e-33,False,-75.0
C=C=COC1=C(C(Cl)OCl)OOOC(C)(O)CC1=CC,2.6786369618080778e-33,False,-75.0
C=C(C)C(=O)C1=C(C=C=C(C)OC)CC(=O)O1,2.6786369618080778e-33,False,-75.0
CCCOC(O)C(C)C,0.6711400747299194,True,-0.39877742528915405
CC=C(CC)CC(=C=C1OCCCC1OC)OCOC,2.6786369618080778e-33,False,-75.0
CC=C(CO)C(=O)C1(O)C=C=C1,2.6786369618080778e-33,False,-75.0
CCC=CC(CC)C1=C=C(O)OCC1,2.6786369618080778e-33,False,-75.0
CC=CC=C(CC)C1=CCCCCCC1,2.6786369618080778e-33,False,-75.0
CC1=C=CC(O)=C=C=C1O[Fe],2.6786369618080778e-33,False,-75.0
C=CC1CO[SH](C)OC=C=C1OC=CCCC,2.6786369618080778e-33,False,-75.0
CCCCC(=COCC)C(C)O,0.6734364628791809,True,-0.39536163210868835
CC1=C2CC(=C=O)OC=CC(C)C=C2C1,2.6786369618080778e-33,False,-75.0
CCC(=C=C=CC(=C=C=CC=O)C=C1CCO1)OC,2.6786369618080778e-33,False,-75.0
CCCOC1=COC2OC3CC=CC4=C2C4C(=CC3)O1,2.6786369618080778e-33,False,-75.0
O=C1CCCCCCOC1,2.6786369618080778e-33,False,-75.0
C=CC(C)(CO)C(=CC)CCC,0.6297631859779358,True,-0.46241143345832825
CC=C1CC=NC(CC)(CC=CO)C(=CC=CCC)O1,2.6786369618080778e-33,False,-75.0
CC1C=COC2=CC3=CC(=C4CC(CC1)(O2)C4=O)C=C3,2.6786369618080778e-33,False,-75.0
OC1=CC=CCCC2=C3C=C(C1)CC3C2,2.6786369618080778e-33,False,-75.0
C=C1CC(C)CC1(C=CO)C(=C=O)CCC,2.6786369618080778e-33,False,-75.0
CC=CCC=C(C)C(C)=C(C)C,0.6351370215415955,True,-0.4539145231246948
C=C=C(CC(O)ONC=C)OC,2.6786369618080778e-33,False,-75.0
CC1=COCC(C(C)C)=CCCO1,2.6786369618080778e-33,False,-75.0
C=C=C1OOC(Cl)C1OC,2.6786369618080778e-33,False,-75.0
CC,2.6786369618080778e-33,False,-75.0
CCCC=CC(C=C=COC(=C=O)OCCC)CC,0.5755681395530701,True,-0.5523976683616638
CC=C=C1CC(C)C2=COC1O2,2.6786369618080778e-33,False,-75.0
CC=CC=COC1CC(OC)=C=C=C1CC,2.6786369618080778e-33,False,-75.0
C=C(OC(C)=C(C)C(C)CC)C(O)OC,0.7125678062438965,True,-0.3388802111148834
C=CC(C)(C=C)C(O)COCC,0.7375524640083313,True,-0.30441805720329285
C=CC(CC)=C(CC)COC,0.650748074054718,True,-0.42963269352912903
CC1=C2C=C=C(CC(O)=CC2)O1,2.6786369618080778e-33,False,-75.0
CCOC=C(C)C1C=C(CO)CC=COCO[CH+]1,2.6786369618080778e-33,False,-75.0
CCCC1(C)CCC(OC)=CC(C)O1,2.6786369618080778e-33,False,-75.0
C=C=C=C=C(C(=O)O)C(C)=C=C,2.6786369618080778e-33,False,-75.0
CCOC1=C2C=CC(C)COC(=O)OC1=CC2,2.6786369618080778e-33,False,-75.0
C=C=C=CC1=C(CO)C(C)=C1,2.6786369618080778e-33,False,-75.0
C=CCC(=C)C1=C=C=C(C)CC=C(CC)OC12COO2,2.6786369618080778e-33,False,-75.0
C=CCC=CC(=C=COC1(OC(=C)O)OO1)CC,2.6786369618080778e-33,False,-75.0
C=C=C=C(O)C1=C=C=C=CC=CO1,2.6786369618080778e-33,False,-75.0
C=C1C(CO)C=C=C(CC)C1OCO,2.6786369618080778e-33,False,-75.0
C=C(CC)C(C=CC)=CC(C)=C(C)CC,2.6786369618080778e-33,False,-75.0
C=CC(=CC1=C=C1)CC,2.6786369618080778e-33,False,-75.0
OCO,2.6786369618080778e-33,False,-75.0
CCCC12C=COC1(O)C=C(OCC)CCO2,2.6786369618080778e-33,False,-75.0
C=C=C=CC(=C=CC(=O)C(O)CC)OCO,2.6786369618080778e-33,False,-75.0
OOC1=C(O)C(O)=CCO1,2.6786369618080778e-33,False,-75.0
CCOCN=C1CC=C2OCCC=C1C(=O)C(O)(O)O2,2.6786369618080778e-33,False,-75.0
C=C=CC(C=CC)C(C)C=CC=C,0.5785782337188721,True,-0.5471814870834351
C=CC1=C2COC1C(=C=O)COC(=C1CO1)CCC2=O,2.6786369618080778e-33,False,-75.0
C=C1C=C2COC1(OOC)C2,2.6786369618080778e-33,False,-75.0
CCCOC(OO)=C1C=CCC(O)=C=C=C1O,2.6786369618080778e-33,False,-75.0
C,2.6786369618080778e-33,False,-75.0
C=C(CC)C(O)=C=CC,0.8033757209777832,True,-0.21893277764320374
C=COC1=C(C)C1,2.6786369618080778e-33,False,-75.0
CC=C1C=C(C=C2CCC2)C1,2.6786369618080778e-33,False,-75.0
C=C(CCC)C(C)=C(O)C(C=C=C=CC)CC,2.6786369618080778e-33,False,-75.0
C=C1CCC(OCC(O)CC)(C(=O)F)CC(O)(CC)O1,2.6786369618080778e-33,False,-75.0
C=C(C)CC(C=CCO)CC(=C)OC,0.6844497919082642,True,-0.3791399896144867
C=CC1=C(C=C)OOC=COO1,2.6786369618080778e-33,False,-75.0
CCCCC=C1C=C(CO)CCC(C)C1=O,2.6786369618080778e-33,False,-75.0
CCCC1=CC(=O)CC(CCCCO)C(=C(C)C)C1,2.6786369618080778e-33,False,-75.0
CCOOC(=COC(=O)C(C)C=CO)CC,2.6786369618080778e-33,False,-75.0
CCCOC(C)(CCC)OCC,0.6757624745368958,True,-0.39191365242004395
C=C(O)COC(=C=C=C=C=O)OC(CC)=C(C)CCC,2.6786369618080778e-33,False,-75.0
C=C1C2=C(O)C1=C2C(C)=C=O,2.6786369618080778e-33,False,-75.0
O=C=C1CCCC1=C1CC1O,2.6786369618080778e-33,False,-75.0
CCC(=CC(=O)C=O)COCCO,2.6786369618080778e-33,False,-75.0
C=CC(OC=CBr)=C(COC(C)COCC)OC,2.6786369618080778e-33,False,-75.0
CCC(C)=C=CC1=C=[C+]O1,0.7839761972427368,True,-0.24337662756443024
CCCC1=C(OOC)CC1,2.6786369618080778e-33,False,-75.0
CCC(O)=C=C=C1C(OO)=CC1=C(O)OC,2.6786369618080778e-33,False,-75.0
OC1CC2=CC=C3OCC1=C23,2.6786369618080778e-33,False,-75.0
CC=C=C1CCC=CC2=CCCCC(=C1CC)C2C,2.6786369618080778e-33,False,-75.0
CCC=CCC(O)(CC)OC,0.6469774842262268,True,-0.43544378876686096
COCC(C)OOC1=C(O)C1,2.6786369618080778e-33,False,-75.0
CCCC(C=O)=C(OC)OCOO,2.6786369618080778e-33,False,-75.0
C=C(OC)C(C)C1=C2CCC2C(CCl)(CC=COC)O1,2.6786369618080778e-33,False,-75.0
CCC=C(CC)CC(OC=O)=C(CC)OC,2.6786369618080778e-33,False,-75.0
CC=C(C)C=C1OC=C([Fe])CC=CC1CO,2.6786369618080778e-33,False,-75.0
CC=C1C=C(OO)C(OC)=C=C=C=C=C(O[O-])C(=O)O1,2.6786369618080778e-33,False,-75.0
CCC(O)CC(O)(O)OC(C)([Fe])C1=CO1,2.6786369618080778e-33,False,-75.0
CC1=C2OC(=C=C=CCOO)C2O1,2.6786369618080778e-33,False,-75.0
C=CCC1C=C=CC(=C(CC)CC)C(=C(O)O)C1,2.6786369618080778e-33,False,-75.0
C=C(OC)C(C)CCC,0.6162037253379822,True,-0.4841776490211487
CC=C=C=C(CC1(OCCCCC)CO1)C(O)=CCC,2.6786369618080778e-33,False,-75.0
CC=C(CC)CO,0.7266504168510437,True,-0.3193097710609436
CCCCC=C(C=COCC)CC,0.5541558265686035,True,-0.5903093814849854
CCCC=CC1=CC(C(O)=C=C(C)C)=C=C(O)O1,2.6786369618080778e-33,False,-75.0
C=CC(=C)COC(=C)C1=CC=C1,2.6786369618080778e-33,False,-75.0
C=C=CC(=CC=C=O)C(=C=O)C(C)=CC=O,0.83516925573349,True,-0.18012087047100067
C=C=C(CCC)COC=C,0.6981461644172668,True,-0.3593267798423767
CCC=COCC(C)CC,0.6240451335906982,True,-0.47153258323669434
CC1C=C=C2CC(=CC1)CCC2(C)C,2.6786369618080778e-33,False,-75.0
CCCC1=C2C=C=C=C=CC2=C=C1OCOCC,2.6786369618080778e-33,False,-75.0
CC=C=CC1(O)C=CCCO1,2.6786369618080778e-33,False,-75.0
CC=CC1C=C2CCCOC3(OC(C(C)=O)O2)OC3O1,2.6786369618080778e-33,False,-75.0
C=C=C1C(=C)OC(C=C=C=O)=C2CC2([Fe])C(=O)OC1C,2.6786369618080778e-33,False,-75.0
CC=C(O)CC(=C=CCCC)C1=C=C2C(=CCCO)C12,2.6786369618080778e-33,False,-75.0
C=C(C)C1(CC=CC)C=C=C=C(O)CO1,2.6786369618080778e-33,False,-75.0
CC(C)C(=O)COC1=C=CC=CCCC(O)=C1,2.6786369618080778e-33,False,-75.0
CCCC1(O)CC(=CC(OO)=C2CC2Cl)O1,2.6786369618080778e-33,False,-75.0
CCCOC(CC)(CC)OC(C)C,0.6718046069145203,True,-0.39778774976730347
CCCC(=O)C1=C(OOC)C(CC)CC=CC1,2.6786369618080778e-33,False,-75.0
OC1=CC2=C1OC2,2.6786369618080778e-33,False,-75.0
CCC(O)OC1=CCOC(=O)C2=C1C2=C=C(C)OF,2.6786369618080778e-33,False,-75.0
C=CC1=C(CC(=CC)C(C)O)OC1=C=C=C=COCC,2.6786369618080778e-33,False,-75.0
CC=CC1=CC(OC=C(O)[Fe])=C=C(C)CC=C(O)CO1,2.6786369618080778e-33,False,-75.0
C=CC=COOC(O)CCC,2.6786369618080778e-33,False,-75.0
CCC(OCO)=C(CC)C(O)Cl,2.6786369618080778e-33,False,-75.0
C=C=C=C(CCC=CC)OOC=CC(C)OO,2.6786369618080778e-33,False,-75.0
CCO,2.6786369618080778e-33,False,-75.0
COC1COC2OC(=C1C(C)=C=C1C(O)=CC1C)C2=O,2.6786369618080778e-33,False,-75.0
COC1=C=CC=C(O)OC2C=C=C=C1O2,2.6786369618080778e-33,False,-75.0
CCC=C=CC1=C(CC(C)=O)C=C(C)OC=C1,2.6786369618080778e-33,False,-75.0
C=C(C)CC(=C(CC)CC(=CO)CC)C(C)CC,2.6786369618080778e-33,False,-75.0
O=COC=C(C=O)OC1=C=C1C=O,2.6786369618080778e-33,False,-75.0
C=C1CC1=C(CC)CCCOC,2.6786369618080778e-33,False,-75.0
C=CC(CC)=C1C=CC1=CC=O,2.6786369618080778e-33,False,-75.0
OC1=C2C3=C=C4C5=CC2=C2C=C(O5)C(=C4CC3)C=CC12,2.6786369618080778e-33,False,-75.0
C=C1CC2(CO1)OCCN(C)O2,2.6786369618080778e-33,False,-75.0
C=CCCC(C)C,2.6786369618080778e-33,False,-75.0
C=C(CO)COCC1=C=C=C=C=C=C1,2.6786369618080778e-33,False,-75.0
C=C(O)COC1CCC1Cl,2.6786369618080778e-33,False,-75.0
C=CC1(O)[C]COC2=C1CC(OCC)C(=O)C2=CC=O,2.6786369618080778e-33,False,-75.0
C=CCCC1=C=C=C=C=C2CC=CCC(O)=C2C1,2.6786369618080778e-33,False,-75.0
CC(=C=C1COC(=O)C(=O)C(=O)C=C1[Fe])CC(C)O,2.6786369618080778e-33,False,-75.0
CCCC=C(OC=C=C1C=C1)OCC,2.6786369618080778e-33,False,-75.0
CO[CH-]C1=C=CC2=C1CC(OC)CC(O)=C(O)CC2,2.6786369618080778e-33,False,-75.0
CCCC1=C(C2=C=CC(O)C2)C1,2.6786369618080778e-33,False,-75.0
CC=CCBr,0.6210978031158447,True,-0.4762667119503021
C=C(O)C1=C(C=C=O)C(=CCC)C=C1OCC(C)CC,2.6786369618080778e-33,False,-75.0
CC=C(CC)C(=O)C(Cl)=COC(=C=O)OC,2.6786369618080778e-33,False,-75.0
C=CCC1=C(CO)CC(C)(O)CC1,2.6786369618080778e-33,False,-75.0
CCC=C1CCC(CC)=C(O)C=C2OC=C1O2,2.6786369618080778e-33,False,-75.0
CCC(OOCCOC(O)C=O)=C1OOCC1=C(C)O,2.6786369618080778e-33,False,-75.0
CCC,2.6786369618080778e-33,False,-75.0
C=C=CC1OCC(C)=C=C1CC,2.6786369618080778e-33,False,-75.0
CC=C=C(C)C=CCO,0.7366589307785034,True,-0.30563026666641235
C=C(C)C1=C2OC=C=COC3(O)C=C(NOC2=C3)C1=O,2.6786369618080778e-33,False,-75.0
COC=CCC(C)(C=O)CC(=O)CC(C)CO,2.6786369618080778e-33,False,-75.0
C=CCC=C=C1C=C=C(CC2=CC2)CC(O)C(=CO)O1,2.6786369618080778e-33,False,-75.0
CC=C1OCC1C=C=C(Br)CO,2.6786369618080778e-33,False,-75.0
C=CCCC(=O)C(O)(OC)OC(=C)C=O,2.6786369618080778e-33,False,-75.0
C=C1C=CC=CCCOCC1,2.6786369618080778e-33,False,-75.0
CC=CC=C=C=C=C=C(C=CO)CCC,0.6647260189056396,True,-0.40838032960891724
CCC1=CC=C(C)C=C(CO)CC1,2.6786369618080778e-33,False,-75.0
CC1=C(OCO)C=C=COO1,2.6786369618080778e-33,False,-75.0
COCC(O)=C1C(C)CC1C,2.6786369618080778e-33,False,-75.0
CCOOC(=O)C1=C(C)C2=C1C2,2.6786369618080778e-33,False,-75.0
CCC1=C=C=CC1,2.6786369618080778e-33,False,-75.0
CC=C1C(OOC)C(C)=CC1(O)C(C)C,2.6786369618080778e-33,False,-75.0
CS1([Na])OC2C=C3CC4CC4C([Na])=CC=C2C=C31,2.6786369618080778e-33,False,-75.0
CC=C=COC(=CC(C=O)CC)C(C)=C=COC,0.7809601426124573,True,-0.24723117053508759
CC=CCC1=C(C)C(=CC)C=C=C=C=[C+]1,2.6786369618080778e-33,False,-75.0
CCC(=C=CC1COC1)C(O)COCOCC(C)CC,2.6786369618080778e-33,False,-75.0
CC=C=CC1=C(C=C=CCO)C1[C-]=O,2.6786369618080778e-33,False,-75.0
CCCC(C)=C(OOCC)C(=O)CC,2.6786369618080778e-33,False,-75.0
OC=C(CO)C1=C(O)C=C=C1,2.6786369618080778e-33,False,-75.0
CCCC=C(C)O,0.72053062915802,True,-0.32776734232902527
C=CC(OCC1=CO[CH+]C1=C=O)=C(C)CC,2.6786369618080778e-33,False,-75.0
CCCCCCCC(O)(CCCC)C(C)=CO,0.6809234619140625,True,-0.38430535793304443
C=CC(C)C(O)OC1=C=COCC(O)=CCCCC=C1,2.6786369618080778e-33,False,-75.0
CCOC1=CC2OC(C)(CC=C2C)CC1,2.6786369618080778e-33,False,-75.0
OCC=CC1=C=CC2=C=CC1=C2,2.6786369618080778e-33,False,-75.0
C=COC(CCO)=C(CC)CCO,2.6786369618080778e-33,False,-75.0
CCC=C=C(CO)C(CC)CO,0.7557292580604553,True,-0.28007209300994873
CCC=C=CC(O)C(O)(CC)CCC,0.7711429595947266,True,-0.25988149642944336
CCCC=C(CO)OC(C)C(C)OC,0.7522560954093933,True,-0.28467845916748047
CC=C=CC(C)=C(C=COC)OC,0.6631524562835693,True,-0.4107503592967987
COC1C2=CC3=C4C2C=C(C1CC3)C4(C=O)OC(=O)O,2.6786369618080778e-33,False,-75.0
CC1CC2=C=C=C(CO)OC2OC=C=CO1,2.6786369618080778e-33,False,-75.0
CC=CCC1=COC(=CCCC)C=C=C1,2.6786369618080778e-33,False,-75.0
CCC=C1OC(C)NC1C(O)CCC,2.6786369618080778e-33,False,-75.0
CCOC1=CC(=O)C(=C(CC)OCC)O1,2.6786369618080778e-33,False,-75.0
C=COC1=C=C2CC3CCC2=C(O)C(OO)=C3OOO1,2.6786369618080778e-33,False,-75.0
CCCC(=O)C(C)=CC(C)C(C)[Fe],0.7135781645774841,True,-0.33746328949928284
CCC(C)([Fe])C1(C(C)=O)OCC1O,2.6786369618080778e-33,False,-75.0
CCC(=COC1=CC=CC=C=C1F)CO,2.6786369618080778e-33,False,-75.0
CC1=COC(O)C(F)CC=C1,2.6786369618080778e-33,False,-75.0
C=C=CC(=C)C(=CC(=C)C=C)OCCO,0.7944632172584534,True,-0.23008859157562256
CCOC(O)=C=C1CC=C1CC,2.6786369618080778e-33,False,-75.0
COCCC(C)(OO)OCO,2.6786369618080778e-33,False,-75.0
CCCC(C)C(CC)COCC,0.6631053686141968,True,-0.4108213782310486
C1=CCC2CCC=C(OC=CC1)OOCO2,2.6786369618080778e-33,False,-75.0
CCOc1ooc1COCO,2.6786369618080778e-33,False,-75.0
CC=C(O)C(Br)=C=C=C=C=C(O)Br,2.6786369618080778e-33,False,-75.0
CC=C=C=C=C1C=CCC=CC(O)=C1,2.6786369618080778e-33,False,-75.0
CCC12CC(C)(C)C(COC)C1COCO2,2.6786369618080778e-33,False,-75.0
CC=C(C)OCC=CCC,0.6382179856300354,True,-0.4490754008293152
COCCOC1=C=C=CC=C1C(O)O,2.6786369618080778e-33,False,-75.0
CC=C1CC2=C=C(OC2)C(OCC)C1,2.6786369618080778e-33,False,-75.0
O=C=C=C1CC2=C=C=C1C1OC(=O)CC23c2occ1c23,2.6786369618080778e-33,False,-75.0
CCC,2.6786369618080778e-33,False,-75.0
CCOCOC1C2=C=C2C1OC,2.6786369618080778e-33,False,-75.0
CC=C=COCC1=CO1,0.8197391629219055,True,-0.19876907765865326
CC=C([Fe])C(C)(C)CCC(C)O,0.6888754367828369,True,-0.37269482016563416
C=C=C=C(O)C1=C2COOC(C=C=CC)=C2O1,2.6786369618080778e-33,False,-75.0
CCCC=C1OC(CC)CC1CCCCC,2.6786369618080778e-33,False,-75.0
C=C(O)C1CC(=O)C2=CC=C=C(C=C2)C(CC)O1,2.6786369618080778e-33,False,-75.0
CC1=C=C(OC2=C=C2C)OOC=C(O)C1,2.6786369618080778e-33,False,-75.0
C=C(CO)C1OCC1O,2.6786369618080778e-33,False,-75.0
C=C(Br)CCC,2.6786369618080778e-33,False,-75.0
COOC1=CC(C(Cl)=C=O)OCC=C(O)OCC1OC,2.6786369618080778e-33,False,-75.0
CCC=COC(C)OC(Cl)C1=CC1,2.6786369618080778e-33,False,-75.0
COC(O)C1=C=COCCCCCO1,2.6786369618080778e-33,False,-75.0
C=C(O)C(C)=C(O)OC(O)(CC)C(CC)OC,2.6786369618080778e-33,False,-75.0
O=C=c1oc(=COCC=CO)o1,2.6786369618080778e-33,False,-75.0
CCC12CC(=C(C)OO)C1=COO2,2.6786369618080778e-33,False,-75.0
C=COCl,2.6786369618080778e-33,False,-75.0
CCC(=C=CO)C=C(CC)COC(C)C,0.7203800678253174,True,-0.3279763460159302
O=C1CC(=O)C([Na])(OCO)C=C=C=C1C(O)=CO,2.6786369618080778e-33,False,-75.0
CC=C1C(COO)=C1C(=COC)C(=O)O,2.6786369618080778e-33,False,-75.0
C=C1COCC2=CC3C(C(=CO)C(C)=C=O)=C3C(C1)O2,2.6786369618080778e-33,False,-75.0
CCC(C)=C(C)OCOC,0.6318869590759277,True,-0.45904475450515747
CC(C)=CCC(O)(CC(C)O)C1=CCCO1,2.6786369618080778e-33,False,-75.0
C=C=COC1=CCCC(O)=C=C1,2.6786369618080778e-33,False,-75.0
C=C=C(CCC)OC(C)CCCC,0.6779441237449646,True,-0.38869041204452515
C=CC(CO)OCC,0.7665333151817322,True,-0.2658771276473999
C=CC(C)=C1CC=C1F,2.6786369618080778e-33,False,-75.0
COC=C1OC=CC=C2CCC1=C=C=C=C=C(C)CO2,2.6786369618080778e-33,False,-75.0
CCC=C=C1CC2=C=C=C3C(=C4OCCC14OC)C3O2,2.6786369618080778e-33,False,-75.0
C=CCC(=C=COC(=C)C)C(=C=O)C=C1OCCC1=C,2.6786369618080778e-33,False,-75.0
CC=CC(CCC)OCC,0.7125753164291382,True,-0.3388696610927582
CCOC(C)OC1C(F)CC(=O)C1CC,2.6786369618080778e-33,False,-75.0
CC1C(=O)C(CO)C(=O)C(OO)C1O,2.6786369618080778e-33,False,-75.0
CC1OC(OO)(C2CCC2)C=C1O,2.6786369618080778e-33,False,-75.0
CCC1COC=C1C1=C(OCO)C(OO)O1,2.6786369618080778e-33,False,-75.0
OC1=C=C=C2OC3=C2C(=C=C=C2OC4(O)C(=S24)O3)OO1,2.6786369618080778e-33,False,-75.0
COCCC=C(O)OC(C)=CO,2.6786369618080778e-33,False,-75.0
C=CCC(C=COOO)(C=C(O)O)C(=C)C,2.6786369618080778e-33,False,-75.0
C=C(C=CC)C1=CC(C)C(O)=COC=C=C(O)C([Na])C1,2.6786369618080778e-33,False,-75.0
C=CC(C=CCO)(CC)CCC,0.6068969964981079,True,-0.4993962049484253
CCCOC=C(CC)OC=C(Cl)C(=CO)CC(=O)Br,2.6786369618080778e-33,False,-75.0
C=CCOC(C)CCC,0.7107357382774353,True,-0.3414545953273773
CC=C=CC1=C=C=C1OC,2.6786369618080778e-33,False,-75.0
C=C=C1[C+]=CC(O)=C=C=C(NC)O1,2.6786369618080778e-33,False,-75.0
COCC(S)=C(C)OF,0.60079026222229,True,-0.5095093846321106
C=C(CC)OOC(=C=CC1CO1)C=COC(CC)CC,2.6786369618080778e-33,False,-75.0
CC=C(C=C=O)C(=O)C1=C2CC2=CCCCC1,2.6786369618080778e-33,False,-75.0
[Fe],2.6786369618080778e-33,False,-75.0
C=C=C=C[C-]=C=C=C(C=C=COC)C1=C(C)CC(=O)O1,2.6786369618080778e-33,False,-75.0
CC(C)CC1=C(CC=CCl)C(=O)O1,2.6786369618080778e-33,False,-75.0
CC(=C=[C]CO)C(=C=C=CC(C)O)C=C=CO,2.6786369618080778e-33,False,-75.0
C=C(CC)OC(=C)C1=CCC1,2.6786369618080778e-33,False,-75.0
CCCC=COOCOC(O)CO,2.6786369618080778e-33,False,-75.0
C=C=C(CC)C(C)(C=C(CC)CC)OC,0.6308451294898987,True,-0.4606948792934418
CC1C=C=CC(=O)CC2=C=C2C=C1,2.6786369618080778e-33,False,-75.0
C=CCC=CC1C(=CO)C(=CC)OC=COCCC1C,2.6786369618080778e-33,False,-75.0
C=C(C)OOC=C=CC=C=C1OOC1OCC,2.6786369618080778e-33,False,-75.0
COCC1CCC=CCCC(=O)C(C(=O)OOO)OC1,2.6786369618080778e-33,False,-75.0
O=O,2.6786369618080778e-33,False,-75.0
CC[C+](C)C=C=CC(C)OOC,2.6786369618080778e-33,False,-75.0
CCC(=CCC(C)C)CO,0.6791645288467407,True,-0.3868918716907501
CCCCCC(=O)C=CC=O,0.7335802912712097,True,-0.30981823801994324
CC1CCCC2=CC1OC2,2.6786369618080778e-33,False,-75.0
CCc1c2c3c4c(c1COC=C(O)C=43)=COCC=CO2,2.6786369618080778e-33,False,-75.0
C=CC=C(C)C(=C=C=CC)CC,0.6768443584442139,True,-0.39031392335891724
CCC=C1CC(CO)=C1C([Fe])OC(=CO)OCOC,2.6786369618080778e-33,False,-75.0
C=CC(=C(C=C=CO)CC)C(C)C,0.6469039916992188,True,-0.43555739521980286
CCCCC1(OO)CC1(CCC)C(C)CC,2.6786369618080778e-33,False,-75.0
C=CC1(C=COC)CC(C=COO)=C=C1C,2.6786369618080778e-33,False,-75.0
CCC1=C2CC(C=O)=CC(=O)C=C=C=C2C1(C)O,2.6786369618080778e-33,False,-75.0
C=C(CCO)OC1(OC=CC2=CC2)CCC=C1CCC,2.6786369618080778e-33,False,-75.0
C=C=C(C=C)OCC1OCCC(C=O)=C1CC(=O)C=O,2.6786369618080778e-33,False,-75.0
CC(=O)CCC=C1CC=C=CC1,2.6786369618080778e-33,False,-75.0
CC1CC2=CC=CC(=CC(O)(O)C1O)OOC2,2.6786369618080778e-33,False,-75.0
CCC(OOC)C1=CC(C)=C1,2.6786369618080778e-33,False,-75.0
CC=C(CCC)COC=C=C1OC2C=CC1=COC2,2.6786369618080778e-33,False,-75.0
CCC1=C=CCC2=CCC(CC)=C1C2,2.6786369618080778e-33,False,-75.0
C=C(CO)C(CCC)C(C)=C(C)OCC,0.6961818337440491,True,-0.362144410610199
CCC1=C(OOC)OCC2C(O)=C=C(O)C(C1)C2(O)O,2.6786369618080778e-33,False,-75.0
C=CC(=O)CC(=O)C=C(C)C1=CC2CC=C(CO1)CO2,2.6786369618080778e-33,False,-75.0
C=C(C)CC1=C=C=C1CO,2.6786369618080778e-33,False,-75.0
COCOC1CC2=C=CC3(OO1)C(=O)CC3=C2OC,2.6786369618080778e-33,False,-75.0
C=CCCCC1=C=C=C=C=C=C=C=C(O)OC2CC1O2,2.6786369618080778e-33,False,-75.0
CCCC,2.6786369618080778e-33,False,-75.0
CCC=CC1=C=COOC=C2CC3(C=C13)OC2(O)C[Fe],2.6786369618080778e-33,False,-75.0
O=C(OO)OC=C(O)C1CC=CCC1,2.6786369618080778e-33,False,-75.0
CCC1=CC23C=C(OO)OC(CC)C=C2C(=C3)C=C=C1,2.6786369618080778e-33,False,-75.0
C=COC1=C=C1C(Cl)OC,2.6786369618080778e-33,False,-75.0
COCOC1=C=C=C2[C-]=CC(=O)OOC(=C2O)C(C)C1,2.6786369618080778e-33,False,-75.0
C=CC(C=C=C(C)O)CCC,0.6422657370567322,True,-0.4427531361579895
CC=c1oc2c(O)c1=C=C=C=C(C1=C=CC=C[C-]1O)C2,2.6786369618080778e-33,False,-75.0
CCCC(C)CC,0.6567428112030029,True,-0.42046278715133667
CNC(CC=C(Br)C=CC1C=C1)OCC=C=O,2.6786369618080778e-33,False,-75.0
CC,2.6786369618080778e-33,False,-75.0
CC1COC1=C=C=C=C=O,2.6786369618080778e-33,False,-75.0
C=C=C(C=C)C(=C=O)C=O,0.8375995755195618,True,-0.17721512913703918
CCC1=C2OCC(C)C(CC)C1(C=O)C2OC,2.6786369618080778e-33,False,-75.0
CCCC1C=C(C)OC([Na])(COCC)O1,2.6786369618080778e-33,False,-75.0
COOC=C1OC2=CCC(C)C2OC(C)C(O)=C(O)O1,2.6786369618080778e-33,False,-75.0
[CH2-]C(O)C=CCC,2.6786369618080778e-33,False,-75.0
CCC=C=C1C(C=CCC)=CCCOC2=C1C(O)=CC2,2.6786369618080778e-33,False,-75.0
CCCCOC1C2=C1C(=C1CC1C)OC(=CCO)CO2,2.6786369618080778e-33,False,-75.0
C=C=C(C=C1CC1=C(C)CC=O)OCCC,2.6786369618080778e-33,False,-75.0
C(=C1CCOC2(CC3=C2C3)O1)C1CCOC1,2.6786369618080778e-33,False,-75.0
CCC=C=CC=C(C)CC,0.5885429978370667,True,-0.5301052927970886
CC=C(C=O)C(Br)OC1C(C)=C1C,2.6786369618080778e-33,False,-75.0
CCC=C(CCC)C(C)CC,0.6075171828269958,True,-0.4983748197555542
C=CC(CCCC)=C(O)OC=C=C=CCCOC,0.6830261945724487,True,-0.38122206926345825
CC(=O)C1=C2C=C=C=CC(=CC1C)O2,2.6786369618080778e-33,False,-75.0
CC=C(C(=CC(O)=CO)CC)C(O)O,2.6786369618080778e-33,False,-75.0
C=CC(=O)C(=C=C=CC)OCC,0.8448235392570496,True,-0.16862750053405762
C=CC(OC)=C(C=COO)C(=O)CCCC,2.6786369618080778e-33,False,-75.0
CCC(O)C1OC1=C(C)OOC,2.6786369618080778e-33,False,-75.0
C=C(O)C(=C)CC,2.6786369618080778e-33,False,-75.0
CCC(C)C1OC(=C=C=C(C)O)C1OC(C)C,2.6786369618080778e-33,False,-75.0
C=C1C=CCCC=C=C2CC(COO)C=C2CC1O,2.6786369618080778e-33,False,-75.0
CCCC(=O)OOCC(=O)C=C(CC)CC,2.6786369618080778e-33,False,-75.0
C=CC1CCC=C(C(=C=COC(=C)C)OO)C=C=CO1,2.6786369618080778e-33,False,-75.0
CCOC(CC)(CC)OO,2.6786369618080778e-33,False,-75.0
CC1=C=C=C=C=C=C(CO)C(C)=C=C1,2.6786369618080778e-33,False,-75.0
CC=CC(CC)=C(O)C=CCC,0.7125014066696167,True,-0.33897340297698975
CC=CCC(=C=O)OCCC(C)C,0.742678701877594,True,-0.29749175906181335
C=C(C)CC=C1C=CO[C-](CC)OO1,2.6786369618080778e-33,False,-75.0
C=C=CC(OOC)C(=C)C,2.6786369618080778e-33,False,-75.0
CC=CC(O)C1=C=C2C=C(C1=O)C(C)C2C,2.6786369618080778e-33,False,-75.0
C=C(O)OOC(C)(CCC)CCC,2.6786369618080778e-33,False,-75.0
C=C(C)OC1OC2=C(C(=O)C(=CCC)CC2=O)C2=C1O2,2.6786369618080778e-33,False,-75.0
CC=C1C2=COCCCCC2CCC(OCO)=CC1C,2.6786369618080778e-33,False,-75.0
CC=C[C+](CC)OC1CCC(C)C1,2.6786369618080778e-33,False,-75.0
CC=CCC=CCC(C)=CC,0.5499107837677002,True,-0.5979992151260376
O=COC1=C(O)C2=C=C1C=C=C=CCO2,2.6786369618080778e-33,False,-75.0
CC=C(CO)C(C=CCC)=C1C=C=CCCCC(O)=C1,2.6786369618080778e-33,False,-75.0
CCC=C=COC(=CCCCCC)CC(C)CC,2.6786369618080778e-33,False,-75.0
CCC(=C=C1C=C1OCOC)OC,2.6786369618080778e-33,False,-75.0
CCC1=CC(CCOC)=C1O,2.6786369618080778e-33,False,-75.0
CCCC(C)(C)CC(F)COCC,0.7046894431114197,True,-0.3499980866909027
CC=CC(C)=CC,2.6786369618080778e-33,False,-75.0
CC1=COC2(CCC=C(OO)C2)COC(=C(C)C=O)C1,2.6786369618080778e-33,False,-75.0
C=C(CO)CC(=C=COOC=COC=O)CC,2.6786369618080778e-33,False,-75.0
CCC1=CCCC1(CO)OO,2.6786369618080778e-33,False,-75.0
CCOCOC(O)=CCC(C)CC,0.6272619366645813,True,-0.46639108657836914
C=CC(CC)CCC,0.5899704098701477,True,-0.527682900428772
CCC(CO)C(C)=O,0.7246263027191162,True,-0.3220992088317871
CCCCBr,0.6382427215576172,True,-0.4490366280078888
C=CC(O)CC,2.6786369618080778e-33,False,-75.0
CCOC=C1OCC(CCO)=CC(O)CCC=C1O,2.6786369618080778e-33,False,-75.0
C=C(C)C(OC)=C(C=C=O)OO,2.6786369618080778e-33,False,-75.0
C[C-]=C(C)C(C)CCC,0.6474405527114868,True,-0.4347282946109772
C=C=C(C=CC1=C2C=C(C(=O)O)[C+]=C=C=C1O2)OC,2.6786369618080778e-33,False,-75.0
CC=C=C=CC(=CC1=COC(=CC)C2=C=C21)CO,2.6786369618080778e-33,False,-75.0
C=CC(=C=CO)C(C)=C=CC=CC,0.7105334997177124,True,-0.3417391777038574
CCC1=COC(COO)=C=C1,2.6786369618080778e-33,False,-75.0
O=CC1=C=CC(C=O)=C2C=C(OCCCCCO2)O1,2.6786369618080778e-33,False,-75.0
CC=C=Cc1cocc1C1OCCC(=C(C)C)C(O)O1,2.6786369618080778e-33,False,-75.0
CC=CC(O)=COCC=C=C=C=CO,2.6786369618080778e-33,False,-75.0
CCOCCC(C)O,0.7334111332893372,True,-0.3100488483905792
CC1(O)C(F)=C=C2C=CC(=C=O)CC3=C=C(C2)CC1=C3,2.6786369618080778e-33,False,-75.0
CC=CC=CC1=C=C(O)CCC1,2.6786369618080778e-33,False,-75.0
C=C(C)O,2.6786369618080778e-33,False,-75.0
C=C=C=CC=CCC,0.604679524898529,True,-0.5030566453933716
CC(O)=CCC(=CO)C(C)=CBr,2.6786369618080778e-33,False,-75.0
CC=C1CC2=C=C(O)CC1C=CC1CC(C)(O1)C2CO,2.6786369618080778e-33,False,-75.0
C=C=C=C=S=C=C1CC(O)C1C,2.6786369618080778e-33,False,-75.0
C=C=C1OC2C=C3C(O[Na])=C=C2COOOOC=CC13,2.6786369618080778e-33,False,-75.0
CCC1CCCO1,2.6786369618080778e-33,False,-75.0
C=CC1CC(=C=O)C(=O)C2=CC3=CC=CC(=C=C32)C1C,2.6786369618080778e-33,False,-75.0
CCC=CCCCC,0.5660966038703918,True,-0.5689905285835266
C=CC(O)=CCOC,0.7408523559570312,True,-0.2999539375305176
CCC=C(C1=COC1C)C(C)(O)COC,2.6786369618080778e-33,False,-75.0
CCCC=CCOC,0.5946047306060791,True,-0.5198584198951721
CC=CC(C=O)(COC=COC)OCCC,0.7649514675140381,True,-0.267942875623703
CCOC1=C(OC(O)=CO)C(=CC=O)OC=C(CF)C1,2.6786369618080778e-33,False,-75.0
CC=C1C=C=CC(=C(C=C=COO)C(C)=CO)O1,2.6786369618080778e-33,False,-75.0
CC1CC2CC3=COC1C(O)C3OC=C2O,2.6786369618080778e-33,False,-75.0
C=CC(=C)C(CC(=C=CCC)C=O)=C(C)C=CCCC,2.6786369618080778e-33,False,-75.0
CC=C=C1C=C(CO)O1,2.6786369618080778e-33,False,-75.0
CCC=C1C(OBr)=C(CC)CC1O,2.6786369618080778e-33,False,-75.0
COC=C(C=C(C)CO)[C-]1C=COC(OC)=C1,2.6786369618080778e-33,False,-75.0
O=C1CCCC=C2COCC3COC=C=C1C21CC1C3,2.6786369618080778e-33,False,-75.0
CCC(=O)C=C(OC)C(C)=O,0.7543689012527466,True,-0.28187376260757446
CC=COCC(O)C(C#CCCCC)OC=O,2.6786369618080778e-33,False,-75.0
CCC(=COC)OC1=C(OC(CC)CC)C(C)C(C)=C1,2.6786369618080778e-33,False,-75.0
CC(C)=C1OC(COCO)C=C1O,2.6786369618080778e-33,False,-75.0
CCCCC(F)=C1C=CCCCC2=C=CC[SH]21,2.6786369618080778e-33,False,-75.0
C=COC1CC=C(C)C1OCC,2.6786369618080778e-33,False,-75.0
CCC(C)=CCC(=O)OCC(C)CC,2.6786369618080778e-33,False,-75.0
CC=CC=C(C)C,2.6786369618080778e-33,False,-75.0
C=C(C)C1=COC(COO)=C=C(C)COC1OC(C)C,2.6786369618080778e-33,False,-75.0
CCC(C)C1=C(OC(=CC2=CCOC=C2)C2=CO2)O1,2.6786369618080778e-33,False,-75.0
CC=CC=CC(CCC)CCC(C)CO,0.5818787217140198,True,-0.5414932370185852
CC1=C=C2CC(=CC(O)C(C)OC=C3OC=C=C3O1)O2,2.6786369618080778e-33,False,-75.0
C=COC(O)=C(CO)CC(C)OC,2.6786369618080778e-33,False,-75.0
CCC1=COCCCC(CC)CC1,2.6786369618080778e-33,False,-75.0
CCCC(CC)C(CC)OCC,0.6905606389045715,True,-0.37025147676467896
C=C(O)CCC(Br)C=CC,0.6733573079109192,True,-0.3954791724681854
CCC1=CC(=COC2=C(CCCO)C[CH-]OC2)C=CC1,2.6786369618080778e-33,False,-75.0
C=CCNC(O)(C=C=C=C1CN=C1[Na])CCC,2.6786369618080778e-33,False,-75.0
COOOC1(OOC)CC1C,2.6786369618080778e-33,False,-75.0
C=COCC1(C=CCO)CC1=C(C=CCCC)CCC,2.6786369618080778e-33,False,-75.0
CCCCC1OC(=O)CC(CO)C=C=CC1O,2.6786369618080778e-33,False,-75.0
COC(O)COCC(O)=C(C)C,2.6786369618080778e-33,False,-75.0
C=CC1=CC(O)OC=CCC2CCC2=C1,2.6786369618080778e-33,False,-75.0
COC(O)=CCC(OC)=C(C)C,0.6719278693199158,True,-0.3976042866706848
CC(=O)C(=C=[C-]C1=C=C1C)C=O,2.6786369618080778e-33,False,-75.0
C=C=C(C)OC=C=C(CC)COO,2.6786369618080778e-33,False,-75.0
[CH2-]C=C1C=C=CCC1,2.6786369618080778e-33,False,-75.0
C=C=C1C=C(C=O)C=CC12CC1=C=C2C1COOCC,2.6786369618080778e-33,False,-75.0
COC1=C=CC(C)=C=C1O,2.6786369618080778e-33,False,-75.0
COC(Br)=C1CC1=C=O,2.6786369618080778e-33,False,-75.0
C=C1CC2(C(O)OC=O)C=C3C=C=CCC1C(C3)OO2,2.6786369618080778e-33,False,-75.0
CC1C(CCO)=C2C[C-]=C(C(=O)CCCBr)C21,2.6786369618080778e-33,False,-75.0
COC1=C2C=CC3(C)CCCC1=C=C3C2=C(C)O,2.6786369618080778e-33,False,-75.0
C=C1CC=CCOC2(C1)CC(C=O)OCC(=O)OC2=O,2.6786369618080778e-33,False,-75.0
C=CCCC=CC(=C)O,0.6354643106460571,True,-0.4533993601799011
C=C1CC(CC(Br)=CC)=C=C=CO1,2.6786369618080778e-33,False,-75.0
C=C1CCCC2(O)CCC=CC3CC(CO1)C2=C=CO3,2.6786369618080778e-33,False,-75.0
CC=C=CC=C=C1C=C1OC,2.6786369618080778e-33,False,-75.0
OCC=C(OCO)OCO,2.6786369618080778e-33,False,-75.0
C=C1C(O)=C=COC(C=CC)=C1C=O,2.6786369618080778e-33,False,-75.0
CCC1=C2C3=C=CCC(=C(O)C3=C1)C2(C[Fe])OC,2.6786369618080778e-33,False,-75.0
CCC=O,2.6786369618080778e-33,False,-75.0
C=CC=C=CC1(C(O)CC)C=C(C)C1,2.6786369618080778e-33,False,-75.0
CCC=C=C=C(C)OCCCC(C)C,0.6496986746788025,True,-0.4312466084957123
CCC(C)=C(O)OCO,2.6786369618080778e-33,False,-75.0
C=C(CC(Cl)=CC)OC(=O)C(=C=O)OC,2.6786369618080778e-33,False,-75.0
CCCOCC(C(=O)CCC)=C(O)C1C=CC(OC)O1,2.6786369618080778e-33,False,-75.0
CCC1C=C2C=C1CO2,2.6786369618080778e-33,False,-75.0
CCCC(C)=C=C=C(OC)C1=C(O)O1,0.7773141264915466,True,-0.2519107162952423
CCCOCC([C-]=C1CC(C)=C1OC)CC,2.6786369618080778e-33,False,-75.0
COCCC1C(C)=C=C=C1C,2.6786369618080778e-33,False,-75.0
C=C(CC)OC1(O)CC=C2C=C=CC=CC=C2C1CO,2.6786369618080778e-33,False,-75.0
C=C(C)C1OCOC(C)CCC(=O)C1=C,2.6786369618080778e-33,False,-75.0
COOC1OC=CC=C1C=CO,2.6786369618080778e-33,False,-75.0
C=CCC1=C=C=C(C)CC(C)O1,2.6786369618080778e-33,False,-75.0
C=C=C1OC(C)=C2OCC(CC2CCCC)OOC1[Na],2.6786369618080778e-33,False,-75.0
C=C(O)C(O)(C=CC)CO,2.6786369618080778e-33,False,-75.0
C=C(CCC[Fe])OOC,2.6786369618080778e-33,False,-75.0
CC(=O)OC1COOOOC1C(C)=C(C)O,2.6786369618080778e-33,False,-75.0
CCOOC1=C=C=C=C(O)C(=C=COO)OCC1=O,2.6786369618080778e-33,False,-75.0
CC=CCC(=C=O)C(CC)=C(C)C([Fe])OC,0.7076112627983093,True,-0.34586039185523987
CCCC(C)=CC=CC1=C=C=C(O)OCC1,2.6786369618080778e-33,False,-75.0
CC=CC(C)=CC(=C=C=O)C(=[C]C(C)=O)C=CC(C)O,2.6786369618080778e-33,False,-75.0
CC=C=C=C1CCC1=C1CO1,2.6786369618080778e-33,False,-75.0
CC=CC1=C=C(CCO)C(=CC)COC(C)C1,2.6786369618080778e-33,False,-75.0
CCCC(CC)OC1C(C)CCCC(C)OC(O)C1O,2.6786369618080778e-33,False,-75.0
CC(C)C=CC(C)O,0.7198249101638794,True,-0.3287472724914551
CC=C1OC=CC2=CC2[CH-]C1(O)CC,2.6786369618080778e-33,False,-75.0
CCCCC=C=CO,0.5890546441078186,True,-0.5292363166809082
C=C(CC(C)C)OC,0.6128650903701782,True,-0.4896104335784912
C=C(O)COC(=C(C=C(C)O)OCC)C(O)=C1CC1=O,2.6786369618080778e-33,False,-75.0
CC=CC1=C(C)C=C2CC(O)=C=C=C=C2OCC(=O)C1,2.6786369618080778e-33,False,-75.0
CON=CC(=O)OC1=C=C(O)C1C,2.6786369618080778e-33,False,-75.0
C=CC(C)(Br)OC=CCC(C)OOC,2.6786369618080778e-33,False,-75.0
COCC1=C(O)OC=C=CC1,2.6786369618080778e-33,False,-75.0
OC1C=CCOC=CCC(O)(Cl)C1,2.6786369618080778e-33,False,-75.0
CCCC1=C=C=C(CC(=O)C=O)C(C)CC=C(C)C=C1,2.6786369618080778e-33,False,-75.0
CC1=CC2=C(C=C([Fe])O1)CCCCCC2,2.6786369618080778e-33,False,-75.0
CCC=C=CC(=O)CC(=O)C(C)CC=O,0.7794011831283569,True,-0.24922937154769897
C=COCOC(=C=CC)CC,0.6392548680305481,True,-0.4474520683288574
C=C=C=C(CCC)C(=C)C,0.6907764673233032,True,-0.36993899941444397
C=C1CC(CC)OCC(=O)C(OC)C1,2.6786369618080778e-33,False,-75.0
C=CCC1(O)CC=CC(OC)C1,2.6786369618080778e-33,False,-75.0
C=C1OC(C2=C(C(=O)O)O2)=C1C,2.6786369618080778e-33,False,-75.0
C=C[C-]=CC=C=C([Na])C1=C(CC)COO1,2.6786369618080778e-33,False,-75.0
CCCC(=CC=C1C(=O)CC(OC)C=C1[Fe])CC,2.6786369618080778e-33,False,-75.0
CC=CC1=C(OC([Fe])=C(C)OC(C)=CCC)C(OC)O1,2.6786369618080778e-33,False,-75.0
CCC(C)C(Cl)Cl,0.6902447938919067,True,-0.37070897221565247
CCC=CC=C(C)[CH-]C(O)OOOC,2.6786369618080778e-33,False,-75.0
CCCC=CC(CCC)=C(N)C(=O)CCC,0.7117486596107483,True,-0.3400304317474365
C=CCCC(CCC)(OCC)C(=O)CO,0.7316405177116394,True,-0.31246596574783325
C=CC(C=CCC)=CC1=C(OC)C=C1,2.6786369618080778e-33,False,-75.0
CCC1CC1(C=O)C(C)=O,2.6786369618080778e-33,False,-75.0
CCC(C)C1CCC(C)C1=C=C1CC1C,2.6786369618080778e-33,False,-75.0
CC(C)(F)CC1=CC(=CC=O)CC(=CO)O1,2.6786369618080778e-33,False,-75.0
CC(O)C(=C=C=O)OC(=O)OO,2.6786369618080778e-33,False,-75.0
CC1C=C=C=C=CC(O)=C1,2.6786369618080778e-33,False,-75.0
C=CC=C1C(=O)C(C)(F)OCC=CC1=C(C=C)OC=C,2.6786369618080778e-33,False,-75.0
CCC1=C=NC(F)(C(C)C(C)OC)CC1,2.6786369618080778e-33,False,-75.0
CC(=O)C(=O)OC=C1O[C+]1C=C=C1C(=O)C(C)CC1C,2.6786369618080778e-33,False,-75.0
C=CC(OC)OCC(=C)OCC,0.6959220170974731,True,-0.36251768469810486
CC=CCC1(OC)CC=C=C(CCCC)O1,2.6786369618080778e-33,False,-75.0
C=C1CC=CCCC(C)C=C(C(C)=COCC(C)=O)O1,2.6786369618080778e-33,False,-75.0
C=C=CCCC(C=CC)C1=CCC=C1,2.6786369618080778e-33,False,-75.0
C=CC([Fe])=C=C(OOC)C(O)C=C,2.6786369618080778e-33,False,-75.0
C=COC(=O)CC1=C2CCC=C=C(CC=CO2)CCO1,2.6786369618080778e-33,False,-75.0
CC=C1OC2CC(Br)C(=C=CC3=C4OCC1=C34)C(O)O2,2.6786369618080778e-33,False,-75.0
C=CC(=O)C=C(C=C=C=CF)CC,2.6786369618080778e-33,False,-75.0
CCOCOC(C)CC,0.6689620018005371,True,-0.40202802419662476
OCOC1=C2OC=C=CC2CO1,2.6786369618080778e-33,False,-75.0
C=C=C=CC1C=C(C)O1,2.6786369618080778e-33,False,-75.0
CC=COC(C)(O)C=C(F)COC(C)C,2.6786369618080778e-33,False,-75.0
COC1CC(C)(O)C1=CO,2.6786369618080778e-33,False,-75.0
CCC(CC)(CC)OC(C)O,0.6762072443962097,True,-0.3912556767463684
C=CCC(O)=C(O[Na])OCO,2.6786369618080778e-33,False,-75.0
CC1=C=CCCC=CC(C)C=COOC=C1,2.6786369618080778e-33,False,-75.0
CCC(=CO)OC(CO)CO,2.6786369618080778e-33,False,-75.0
O=COOC1=C=C=C=COCO1,2.6786369618080778e-33,False,-75.0
CC1=C2CC3CC=CC=C1OCC1CC2=C1O3,2.6786369618080778e-33,False,-75.0
C=C=CC(C)=C=C=C(C)OC,0.7635493874549866,True,-0.26977747678756714
CC(O)=C=CC(C)OC(C)(C=CBr)C(C)Br,2.6786369618080778e-33,False,-75.0
COC1=C(C(=O)O)CCCC=C([O-])C1,2.6786369618080778e-33,False,-75.0
CC12COOC34C=C(OOO3)OC4=C=C(C1)C2Cl,2.6786369618080778e-33,False,-75.0
CC(C=O)C=C=C(O)CO,2.6786369618080778e-33,False,-75.0
O=C1C2=CC(=C=C2)C1CO,2.6786369618080778e-33,False,-75.0
CC=C([Fe])OCC(=C=CCC)C=C(C)CC,0.6620021462440491,True,-0.4124864935874939
C=CC=CCC1=C(CCC)OCO1,0.7081530094146729,True,-0.34509509801864624
CCC=C(C)COC1(OC)C=C=CC=C1C,2.6786369618080778e-33,False,-75.0
C=C(O)C=C=C(O)C(=O)C(Cl)=C=C(C)CC,2.6786369618080778e-33,False,-75.0
C=CC1=C(C(=C)CC)C=CC1O,2.6786369618080778e-33,False,-75.0
COC1OC2=C3C=CC(C)C31OC=CCO2,2.6786369618080778e-33,False,-75.0
CCC(OC)=C1C=CC(O)=C1,2.6786369618080778e-33,False,-75.0
C=CC(=CCC=C=C[C+]=C=C=[C+]C=C=C1CCO1)CC,2.6786369618080778e-33,False,-75.0
C=C=CC1CCC2=C=C1CC2=O,2.6786369618080778e-33,False,-75.0
CCC1=C(C=C(C)O)C=CC(C)O1,2.6786369618080778e-33,False,-75.0
CC1=CCC(C)CCCC(O)=C=C1,2.6786369618080778e-33,False,-75.0
C=COCC(OCOOCC)=C(C=O)C=C1CC2=C=C21,2.6786369618080778e-33,False,-75.0
CCC(O)OC(=O)OC(C)C,2.6786369618080778e-33,False,-75.0
C=CCC1=C=CC2=C=C=C2OC(=C=O)C1,2.6786369618080778e-33,False,-75.0
CCOC=Cc1occc1O,0.9370039701461792,True,-0.06506776064634323
COOC1=C=CC(C([Fe])=C=C=C=O)CC1,2.6786369618080778e-33,False,-75.0
C=C=C1C(C)C1C=CC,2.6786369618080778e-33,False,-75.0
CCOCC(CC)OOC([Fe])C(=CCO)OCO,2.6786369618080778e-33,False,-75.0
CCOC1=C=C=C2COC(C)COC2O1,2.6786369618080778e-33,False,-75.0
CCC(=O)C(=CO)C1=C=C=C=C(C)O1,0.8325381875038147,True,-0.1832761913537979
CCC(C)S(O)(CCO)c1ccoc1,2.6786369618080778e-33,False,-75.0
C=C1C=C=CC(CC2=CC(C)=CC=C=COC2)(OC)O1,2.6786369618080778e-33,False,-75.0
CCCOC=C=C(O)C(=C=CC(C)COO)C(C)Cl,2.6786369618080778e-33,False,-75.0
CCC=C1C2=C=C=C(CC)CC1=C2C(C)O,2.6786369618080778e-33,False,-75.0
CC1OC(C=C=O)C1=C1CC(O)C1,2.6786369618080778e-33,False,-75.0
CCCC=C(OC)C(O)CC,0.7567852139472961,True,-0.27867579460144043
CC1=C=C2OC23OC2=C4OOC3=CC(O)OOC2=C4O1,2.6786369618080778e-33,False,-75.0
C=C=C=CCC(O)=CCC,0.7493204474449158,True,-0.2885885536670685
COC(C)C(O)CC=O,2.6786369618080778e-33,False,-75.0
CC=CC1C(=O)C=COC(Cl)=CC1=C(C)CC,2.6786369618080778e-33,False,-75.0
CCC1=C(C(=O)C2=CC(CO)=C2CO)OC=C=C=C1,2.6786369618080778e-33,False,-75.0
CC=C=CC1=CC=C=C1CCC,2.6786369618080778e-33,False,-75.0
C=COCC1C=CC(O)C(C)=COC=CCC(C=C)=C1,2.6786369618080778e-33,False,-75.0
CCCOC(CC(O)([Fe])[Fe])=C(C)C,0.7025648355484009,True,-0.3530175983905792
C=CCC(=C1C=C1)C(CO)OC(C)=CC,2.6786369618080778e-33,False,-75.0
CC=COCC(CC)CO,0.6884381175041199,True,-0.37332984805107117
COC1=C(OC(C)C)OC(=CO)CO1,2.6786369618080778e-33,False,-75.0
C=CC(O)=C(CC)OC=C(C)CC,0.807111918926239,True,-0.21429294347763062
CC=COC1=[SH]C(CCC)C(=CC)O1,2.6786369618080778e-33,False,-75.0
C=C=C1COC2=CC(=C)C(C)CCC3=CC1(O3)O2,2.6786369618080778e-33,False,-75.0
CCC(O)OOC(C=C=C(Br)C=C1C=CC1)(N=O)OO,2.6786369618080778e-33,False,-75.0
C=C=C1CC2(C)C=CC1OC(=O)CO2,2.6786369618080778e-33,False,-75.0
CC=C1OC=C(CO)CCOC1=CCCCO,2.6786369618080778e-33,False,-75.0
O=C1[CH-]N1C1=C=C2CCOCCC=C(C1)O2,2.6786369618080778e-33,False,-75.0
CC1=C=C(c2ccco2)CC(C)C1=O,2.6786369618080778e-33,False,-75.0
CC=C=C1C2=C1C(C(=C=O)CCCOC)OCC2=CC,2.6786369618080778e-33,False,-75.0
C=C=C(C=CC1CCC1)CC=CC,2.6786369618080778e-33,False,-75.0
CCC(O)=C(C)C(O)OC,2.6786369618080778e-33,False,-75.0
CC=COC1=COC(C)COC1=C(C)OC,2.6786369618080778e-33,False,-75.0
C=CCOC(C=C=C(C)Cl)OC=C(O)O,2.6786369618080778e-33,False,-75.0
C=C(C=CC)C(OCOC)OC(=O)O,2.6786369618080778e-33,False,-75.0
COC1=CC=CC(C)CCC1,2.6786369618080778e-33,False,-75.0
CC1=CC(=O)C1,2.6786369618080778e-33,False,-75.0
CCCC(=C=CCO)CC,0.6480606198310852,True,-0.4337710440158844
CC(C)CC1OC2=COCC(COCC=C2)O1,2.6786369618080778e-33,False,-75.0
COC1([Na])CC(O)CC=CCCO1,2.6786369618080778e-33,False,-75.0
C=C=C=C(O)OC(=C=C(O)C(O)CCC(O)CC)CC,2.6786369618080778e-33,False,-75.0
CCC,2.6786369618080778e-33,False,-75.0
CC=COC1=CC1C1(OO)CO1,2.6786369618080778e-33,False,-75.0
C=C(C)CC(=CC1=C=C=C1O)OC=C1OCCCC1O,2.6786369618080778e-33,False,-75.0
CCCC1(C)OC1CC,2.6786369618080778e-33,False,-75.0
OC1=COC=CCC2(Cl)CCC(=C=C3OOCC3=C1)O2,2.6786369618080778e-33,False,-75.0
COC=C(C)C(C)=C=CF,2.6786369618080778e-33,False,-75.0
C=CC(O)(CC)OC,0.6560307741165161,True,-0.4215475916862488
CCC=C(COC)C1([Fe])CC1=O,2.6786369618080778e-33,False,-75.0
O=C=C1C=C=CCCCC#CC(C2=CCCO2)=C1F,2.6786369618080778e-33,False,-75.0
COC=COC1COO1,2.6786369618080778e-33,False,-75.0
CC=C1OC=CC1CC,2.6786369618080778e-33,False,-75.0
C=CCC1CC2(C=C2)OC(C)C(=O)C=COC=COO1,2.6786369618080778e-33,False,-75.0
C=C1OCC(=COC)C(C(O)OC(=O)C(O)OOC)O1,2.6786369618080778e-33,False,-75.0
CCC1=CC=C1OCC(=O)CCC(C)O,2.6786369618080778e-33,False,-75.0
COC1=C=C=C=C=C1OC1=CC1,2.6786369618080778e-33,False,-75.0
CCC(O)=COC(C)=C=O,0.8371398448944092,True,-0.1777641475200653
